Date;Parcelle;Traitement;Herbivorie_enveloppe;Herbivorie;Sp;Sp_enveloppe;Leaf_N15;LNC;Leaf_C13;LCC;Root_N15;RNC;Leaf_pH;Total_leaf_area;SLA;Mean_leaf_area;LDMC;RDMC;Hveg_mean;Leaf_number;BIOSHOOT_sec;Tiller_Nbr;Nbr_individu_repro2;Ab_biomass;Ab_density;Ab_leafarea;Ab_eq;species_richness;Leaf_Msec;Leaf_Mfresh;Root_Msec;Root_Mfresh;APP_REPRO_sec;Hveg1;Hveg2;Hveg3;Hveg4;Hveg5;Hveg6;Hveg7;Hveg8;Hrep1;Hrep2;Hrep3;Photo_feuilles;Photo_racines;Observation;jhjm;vjgh
02/08/2018;26;PA;Non Broute;Exclos;ARLA;6;-3,12370031508003;2,5715576;-28,2174835063872;43,8444145;;;6,24;;;;;;7,55;;0,015;2;;0,00703564727954972;0,0208333333333333;0;0,142857142857143;7;;;;;;5,1;10;;;;;;;;;;;;;;
02/08/2018;26;PA;Non Broute;Exclos;CAAQ;4;-0,335984425548334;3,1888834;-29,7478492125625;44,8963899;0,789052887819142;0,8600549;6,66;3,02952029520295;94,6725092250922;0,504920049200492;0,385542168674699;0,3828125;9,78571428571429;6;0,254;10;;0,119136960600375;0,104166666666667;0,103662898527038;0,142857142857143;7;0,032;0,083;0,098;0,256;;11;9;7;11,4;10;8,7;11,4;;;;;P8021168.JPG;P8021170.JPG;;;
02/08/2018;26;PA;Non Broute;Exclos;ERSC;1;1,40556421306362;1,8703235;-26,9411334194746;44,8163003;1,37785260610777;0,7029796;5,85;2,36603773584906;91,00145137881;0,197169811320755;0,309523809523809;0,164835164835165;8,5;12;0,307;41;;0,143996247654784;0,427083333333333;0,080960121016794;0,142857142857143;7;0,026;0,084;0,015;0,091;;10,4;8,9;10,1;7,5;6,2;5,5;9,6;9,8;;;;P8021180.JPG;P8021179.JPG;Conserver dans sac ziploc;;
02/08/2018;26;PA;Non Broute;Exclos;HIPA;5;;;;;;;;;;;;;5,1;;0,007;3;;0,00328330206378987;0,03125;0;0,142857142857143;7;;;;;;5,4;4,4;5,5;;;;;;;;;;;;;
02/08/2018;26;PA;Non Broute;Exclos;LUCO;3;-0,869385282279602;1,7587299;-30,3510056418406;43,4200086;0,312893115637902;0,6037217;;2,69117647058824;96,1134453781514;0,33639705882353;0,363636363636364;0,481481481481482;6,4;8;0,118;31;;0,0553470919324578;0,322916666666667;0,0920855865632196;0,142857142857143;7;0,028;0,077;0,013;0,027;;10,4;5,9;9,8;4,5;3;6,8;6,8;4;;;;P8021169.JPG;P8021171.JPG;;;
02/08/2018;26;PA;Non Broute;Exclos;SAAR;2;-5,34500020781198;2,474609;-28,7108801001814;46,9636045;-2,30956962964415;0,9220555;6,45;21,1379962192817;103,112176679423;2,34866624658686;0,280821917808219;0,315789473684211;10,85;9;1,406;5;1;0,659474671669794;0,0520833333333333;0,723291393892948;0,142857142857143;7;0,205;0,73;0,012;0,038;0,09;12,9;6,3;13,1;11,1;;;;;;;;P8021187.JPG;P8021188.JPG;Conserver dans sac ziploc;;
02/08/2018;26;PA;Non Broute;Exclos;STLO;7;;;;;;;;;;;;;3,55;;0,025;4;;0,0117260787992495;0,0416666666666667;0;0,142857142857143;7;;;;;;2,4;2,5;4,3;5;;;;;;;;;;;;
02/08/2018;26;PA;Broute;Temoin;ARLA;6;;;;;;;;1,5422138836773;154,22138836773;0,385553470919325;0,24390243902439;;;4;0,0748256412516458;4;;0,0241081143703533;0,0833333333333333;0,0532883353533194;0,166666666666667;6;0,01;0,041;;;;;;;;;;;;;;;P8021186.JPG;;;;
02/08/2018;26;PA;Broute;Temoin;CAAQ;3;2,04213738250887;2,6948695;-30,2893310676163;43,701;;;;3,29014084507042;117,505030181086;0,548356807511737;0,264150943396226;;;6;0,072;6;;0,0231977194666174;0,125;0,113684703897045;0,166666666666667;6;0,028;0,106;;;;;;;;;;;;;;;P8021181.JPG;;;;
02/08/2018;26;PA;Broute;Temoin;DUFI;2;;;;;;;;1,10371075166508;137,963843958135;0,220742150333016;0,222222222222222;;;5;0,027;14;;0,00869914479998154;0,291666666666667;0,0381366743551504;0,166666666666667;6;0,008;0,036;;;;;;;;;;;;;;;P8021192.JPG;;;;
02/08/2018;26;PA;Broute;Temoin;ERSC;4;;;;;;;;;;;;;;;0,016;4;;0,00515504877035943;0,0833333333333333;0;0,166666666666667;6;;;;;;;;;;;;;;;;;;;;;
02/08/2018;26;PA;Broute;Temoin;LUCO;5;0,170591629877299;2,1164619;-30,1983872039296;44,066442;;;;1,30467289719626;108,722741433022;0,326168224299065;0,24;0,142857142857143;;4;0,0789277300058729;3;;0,0254297685946272;0,0625;0,0450805479110371;0,166666666666667;6;0,012;0,05;0,004;0,028;;;;;;;;;;;;;P8021185.JPG;P8021184.JPG;;;
02/08/2018;26;PA;Broute;Temoin;SAAR;1;-5,58745514268983;2,3854462;-28,7892799826699;47,082882;-2,16006570117434;0,9779762;6,01;21,7001897533207;109,596917946064;1,35626185958254;0,300911854103343;0,273648648648649;7,7625;16;2,835;17;;0,913410203998061;0,354166666666667;0,749809738483448;0,166666666666667;6;0,198;0,658;0,081;0,296;;8,5;8,3;7,3;12;5,9;5,7;7,1;7,3;;;;P8021183.JPG;P8021182.JPG;;;
04/08/2018;33;PS;Non Broute;Exclos;CAAQ;8;3,11203426535282;3,0374698;-29,7321692360648;43,6521367;2,53586745021909;0,7488271;;4,98872180451128;110,860484544695;0,712674543501611;0,409090909090909;0,48936170212766;10,8142857142857;7;0,13;7;;0,0495426829268293;0,0666666666666667;0,14806556539859;0,125;8;0,045;0,11;0,023;0,047;;9,5;11,6;11,1;10,8;9,6;11,2;11,9;;;;;P8041269.JPG;P8041270.JPG;;;
04/08/2018;33;PS;Non Broute;Exclos;DUFI;1;0,512091984960567;2,0842754;-29,0892901996592;43,3940492;0,172359379440966;1,0421508;5,71;3,56594948550047;86,9743776951334;0,445743685687559;0,422680412371134;0,272727272727273;10,1875;8;0,404;48;;0,153963414634146;0,457142857142857;0,105837596771978;0,125;8;0,041;0,097;0,024;0,088;;6,2;14;13,9;10,2;10,1;11,6;8,1;7,4;;;;P8041273.JPG;P8041274.JPG;;;
04/08/2018;33;PS;Non Broute;Exclos;ERAN;2;3,06767017088581;2,996893;-28,0899530308726;42,6948672;0,931985571300199;0,6270921;5,53;4,94007490636704;65,8676654182272;0,988014981273408;0,471698113207547;0,236559139784946;18,1;5;0,218;15;;0,0830792682926829;0,142857142857143;0,146621722514406;0,125;8;0,075;0,159;0,022;0,093;;25,2;16,5;10;13,4;15,7;23,8;22,1;;;;;P8041271.JPG;P8041272.JPG;;;
04/08/2018;33;PS;Non Broute;Exclos;ERSC;4;2,68799606009837;2,0392601;-29,0192529713028;43,0045396;;;6,15;3,75280898876404;79,846999760937;0,750561797752808;0,423423423423423;0,257575757575758;11,4375;5;0,197;9;;0,0750762195121951;0,0857142857142857;0,111383598149685;0,125;8;0,047;0,111;0,017;0,066;;12,3;15,2;9,6;15,3;8,8;12,2;10,3;7,8;;;;P8041265.JPG;P8041266.JPG;;;
04/08/2018;33;PS;Non Broute;Exclos;HIPA;3;-0,3678;2,1478;-30,268424432286;43,1690162;;;6,8;1,40671641791045;78,1509121061361;0,175839552238806;0,580645161290323;0,590909090909091;5,625;8;0,079;17;;0,0301067073170732;0,161904761904762;0,0417514285092099;0,125;8;0,018;0,031;0,013;0,022;;7,1;6,3;6,6;5,5;3,9;4,5;5,6;5,5;;;;P8041267.JPG;P8041268.JPG;;;
04/08/2018;33;PS;Non Broute;Exclos;SAAR;6;-5,28103337392931;2,8173592;-29,1844153904119;45,5757783;-2,42872305738172;0,9586292;6,15;11,0075187969925;114,661654135339;1,37593984962406;0,298136645962733;0,425531914893617;9,25;8;1,438;1;;0,548018292682927;0,00952380952380953;0,326703824783023;0,125;8;0,096;0,322;0,04;0,094;;10,2;8,3;;;;;;;;;;P8041276.JPG;P8041278.JPG;;;
04/08/2018;33;PS;Non Broute;Exclos;SARE;7;-5,51317107753577;1,5957166;-30,1377579614719;44,0512149;;;5,8;2,92963330029732;88,7767666756764;0,97654443343244;0,358695652173913;;6,5;3;0,053;1;;0,0201981707317073;0,00952380952380953;0,0869516938440615;0,125;8;0,033;0,092;;;;6,5;;;;;;;;;;;P8041277.JPG;;;;
04/08/2018;33;PS;Non Broute;Exclos;STLO;5;-5,567;2,87654;-28,9711677100432;44,8448764;;;;1,10122989593188;68,8268684957425;0,08470999199476;0,551724137931034;;4,45714285714286;13;0,105;7;;0,040015243902439;0,0666666666666667;0,0326845700290472;0,125;8;0,016;0,029;;;;6,2;5,8;5,7;3,7;3,1;3,1;3,6;;;;;P8041275.JPG;;;;
05/08/2018;33;PS;Broute;Temoin;DUFI;1;2,54768171480736;2,519406;-31,4297880248822;43,7667047;;;7,23;3,25664;105,052903225806;0,325664;0,352272727272727;0,25;4,9625;10;1,008;185;4;0,935064935064935;0,885167464114833;0,706245662734212;0,5;2;0,031;0,088;0,012;0,048;;6,3;4,9;2,7;5,4;6,9;6,2;2,5;4,8;9,7;7,6;;P8051279.JPG;P8051281.JPG;Photo sous le nom de MER36 Brouté ;;
05/08/2018;33;PS;Broute;Temoin;ERSC;2;4,98977035674723;3,7165471;-30,0990806861109;45,5423078;;;;1,35456;79,68;0,22576;0,386363636363636;0,296296296296296;5,4125;6;0,07;24;;0,0649350649350649;0,114832535885167;0,293754337265788;0,5;2;0,017;0,044;0,008;0,027;;7,6;6,2;6,1;2,6;6;6,2;4,3;4,3;;;;P8051282.JPG;P8051280.JPG;Photo sous le nom de MER36 Brouté ;;
07/08/2018;35;PS;Non Broute;Exclos;ARUL;4;;;;;;;;;;;;;;;0,041;2;;0,0140796703296703;0,0130718954248366;;0,166666666666667;6;;;;;;;;;;;;;;;;;;;;;
07/08/2018;35;PS;Non Broute;Exclos;CAAQ;2;;;;;;;;;;;;;;;1,298;28;4;0,445741758241758;0,183006535947712;;0,166666666666667;6;;;;;0,045;;;;;;;;;;;;;;;;
07/08/2018;35;PS;Non Broute;Exclos;DUFI;1;;;;;;;;;;;;;;;0,997;80;1;0,342376373626374;0,522875816993464;;0,166666666666667;6;;;;;;;;;;;;;;;;;;;;;
07/08/2018;35;PS;Non Broute;Exclos;ERSC;3;;;;;;;;;;;;;;;0,468;30;;0,160714285714286;0,196078431372549;;0,166666666666667;6;;;;;;;;;;;;;;;;;;;;;
07/08/2018;35;PS;Non Broute;Exclos;Gram_inc_;6;;;;;;;;;;;;;;;0,027;5;;0,00927197802197802;0,0326797385620915;;0,166666666666667;6;;;;;;;;;;;;;;;;;;;;;
07/08/2018;35;PS;Non Broute;Exclos;HIPA;5;;;;;;;;;;;;;;;0,081;8;;0,0278159340659341;0,0522875816993464;;0,166666666666667;6;;;;;;;;;;;;;;;;;;;;;
07/08/2018;35;PS;Broute;Temoin;CAAQ;3;;;;;;;;;;;;;;;0,11;12;;0,171339563862928;0,129032258064516;;0,333333333333333;3;;;;;;;;;;;;;;;;;;;;;
07/08/2018;35;PS;Broute;Temoin;DUFI;1;;;;;;;;;;;;;;;0,47;72;;0,73208722741433;0,774193548387097;;0,333333333333333;3;;;;;;;;;;;;;;;;;;;;;
07/08/2018;35;PS;Broute;Temoin;ERSC;2;;;;;;;;;;;;;;;0,062;9;;0,0965732087227415;0,0967741935483871;;0,333333333333333;3;;;;;;;;;;;;;;;;;;;;;
05/08/2018;36;PS;Non Broute;Exclos;CAAQ;2;0,391932377272648;3,0605466;-30,0227714671554;43,4756263;0,803388880960083;0,5851912;5,42;6,88888888888889;97,0266040688576;1,14814814814815;0,432926829268293;0,376811594202898;14,6125;6;0,951;17;;0,529510022271715;0,175257731958763;0,377128030552428;0,166666666666667;6;0,071;0,164;0,104;0,276;;12,2;12,3;16,8;18,2;16,5;10,8;12,3;17,8;;;;P8051292.JPG;P8051293.JPG;;;
05/08/2018;36;PS;Non Broute;Exclos;CAPR;6;-6,746;0,54;-29,7831554659519;38,1428245;;;;0,857142857142857;61,2244897959184;0,428571428571429;0,4375;0,444444444444444;4,3;2;0,018;2;;0,010022271714922;0,0206185567010309;0,0469237641701177;0,166666666666667;6;0,014;0,032;0,008;0,018;;5,1;3,5;;;;;;;;;;P8051295.JPG;P8051299.JPG;;;
05/08/2018;36;PS;Non Broute;Exclos;DUFI;1;0,410460086028238;1,9750018;-30,3248723476777;43,4558898;1,42548768789063;1,2546754;5,93;6,14410480349345;96,0016375545852;0,682678311499272;0,338624338624339;0,24468085106383;10,7125;9;0,574;61;;0,319599109131403;0,628865979381443;0,336355278974883;0,166666666666667;6;0,064;0,189;0,023;0,094;;9;13,4;10,7;11,3;12,3;11,5;10,4;7,1;;;;P8051290.JPG;P8051291.JPG;;;
05/08/2018;36;PS;Non Broute;Exclos;ERAN;4;2,13292901769717;2,7969723;-28,1547636003964;44,9214424;0,260047772058273;0,6564689;5,6;2,34586466165414;63,4017476122741;0,586466165413535;0,52112676056338;0,237704918032787;10,68;4;0,112;8;;0,0623608017817372;0,0824742268041237;0,128422933518217;0,166666666666667;6;0,037;0,071;0,029;0,122;;12,4;8,4;8,6;15,7;8,3;;;;;;;P8051294.JPG;P8051296.JPG;;;
05/08/2018;36;PS;Non Broute;Exclos;ERSC;3;0,75;2,89387;-27,8923853270016;44,5139786;1,10022492922875;0,8494943;6,43;2,03071017274472;56,4086159095756;0,338451695457453;0,529411764705882;0,298850574712644;8,67142857142857;6;0,122;8;;0,0679287305122494;0,0824742268041237;0,111169992784354;0,166666666666667;6;0,036;0,068;0,026;0,087;;11,8;9,3;7,5;7,9;11,1;7,8;5,3;;;;;P8051297.JPG;P8051298.JPG;;;
05/08/2018;36;PS;Non Broute;Exclos;Gram_longue ligule;5;;;;;;;;;;#DIV/0 !;;;;;0,019;1;;0,0105790645879733;0,0103092783505155;0;0,166666666666667;6;;;;;;;;;;;;;;;;;;;;;
05/08/2018;36;PS;Broute;Temoin;CAAQ;3;2,37332050632074;4,4030518;-32,7113647706273;45,2576046;2,41721210882596;0,5541948;;2,86572769953052;136,463223787168;0,573145539906104;0,304347826086957;0,363636363636364;9,32;5;0,078;6;;0,101430429128739;0,0491803278688525;0,289742560378688;0,25;4;0,021;0,069;0,016;0,044;;8,5;9,3;9,5;11,2;8,1;;;;;;;P8051283.JPG;P8051287.JPG;;;
05/08/2018;36;PS;Broute;Temoin;DUFI;1;0,771750406762252;3,016828;-30,622791901134;43,9784658;0,145981195496952;1,247242;6,55;2,71334792122538;71,4038926638258;0,246667992838671;0,306451612903226;0,196969696969697;8,975;11;0,594;92;;0,772431729518856;0,754098360655738;0,274336034795918;0,25;4;0,038;0,124;0,013;0,066;;11,9;12,3;6,1;5,4;11,7;6,8;9;8,6;;;;P8051285.JPG;P8051286.JPG;;;
05/08/2018;36;PS;Broute;Temoin;ERSC;2;3,87860454881768;3,5209469;-32,883844512102;44,1374641;;;7,21;2,53457943925234;110,19910605445;0,362082777036049;0,302631578947368;;9,1625;7;0,066;14;;0,0858257477243173;0,114754098360656;0,256261450218198;0,25;4;0,023;0,076;;;;9,5;7,9;12,2;11,7;7,1;6,3;7,8;10,8;;;;P8051289.JPG;;;;
05/08/2018;36;PS;Broute;Temoin;PLSA;4;;;;;;;;1,77694470477976;177,694470477976;0,355388940955952;0,3125;0,205882352941176;9,48333333333333;5;0,031;10;;0,0403120936280884;0,0819672131147541;0,179659954607196;0,25;4;0,01;0,032;0,007;0,034;;12,9;13,3;11,1;9,1;6,2;4,3;;;;;;P8051284.JPG;P8051288.JPG;;;
02/08/2018;43;PA;Non Broute;Exclos;CAAQ;5;2,17626138903704;2,8193057;-29,5973214381846;45,3884767;;;;2,40604343720491;104,6105842263;0,601510859301227;0,27710843373494;;;4;0,057;3;;0,0152365677626303;0,09375;0,114813923896223;0,166666666666667;6;0,023;0,083;;;;;;;;;;;;;;;P8021195.JPG;;;;
02/08/2018;43;PA;Non Broute;Exclos;DUFI;6;;;;;;;;;;;;;;;0,013;4;;0,00347500668270516;0,125;0;0,166666666666667;6;;;;;;;;;;;;;;;;;;;;;
02/08/2018;43;PA;Non Broute;Exclos;ERSC;2;;;;;;;;;;;;;;;0,025;2;;0,00668270515904838;0,0625;0;0,166666666666667;6;;;;;;;;;;;;;;;;;;;;;
02/08/2018;43;PA;Non Broute;Exclos;LUCO;3;1,30239190034964;2,5605781;-30,3280083429773;44,8440832;0,39378907693321;0,9489213;;2,08563273073264;109,770143722771;0,26070409134158;0,256756756756757;0,282608695652174;;8;0,064;11;;0,0171077252071639;0,34375;0,0995242537682478;0,166666666666667;6;0,019;0,074;0,013;0,046;;;;;;;;;;;;;P8021194.JPG;P8021190.JPG;;;
02/08/2018;43;PA;Non Broute;Exclos;SAAR;1;-3,13814443885998;2,5560985;-29,0317969525009;47,9758409;-2,24403366099985;1,3396565;5,65;15,9695817490494;89,2155404974827;1,14068441064639;0,319642857142857;0,314868804664723;;14;3,549;10;;0,948676824378508;0,3125;0,762052054105836;0,166666666666667;6;0,179;0,56;0,108;0,343;;;;;;;;;;;;;P8021191.JPG;P8021193.JPG;;;
02/08/2018;43;PA;Non Broute;Exclos;STLO;4;;;;;;;;0,49476688867745;123,691722169362;0,0449788080615864;0,166666666666667;;;11;0,033;2;1;0,00882117080994387;0,0625;0,0236097682296938;0,166666666666667;6;0,004;0,024;;;0,002;;;;;;;;;;;;P8021189.JPG;;;;
02/08/2018;43;PA;Broute;Temoin;ARLA;3;4,42025919056607;3,2832052;-29,3046285435609;43,6604665;;;6,87;3,68670886075949;184,335443037974;0,614451476793248;0,273972602739726;;6,4;6;0,04;7;;0,0779727095516569;0,212121212121212;0,322802137802866;0,2;5;0,02;0,073;;;;7,8;6;6,3;5,5;;;;;;;;P8021172.JPG;;;;
02/08/2018;43;PA;Broute;Temoin;CAAQ;2;1,86880789714938;4,0011029;-29,7039452783689;45,2612077;3,86412341655089;0,9675539;5,73;3,7914691943128;114,893005888267;0,631911532385467;0,326732673267327;0,246153846153846;9,95;6;0,246;14;;0,47953216374269;0,424242424242424;0,331974779556026;0,2;5;0,033;0,101;0,016;0,065;;11,2;9,3;10,2;11,7;8,4;10,8;10;8;;;;P8021173.JPG;P8021176.JPG;;;
02/08/2018;43;PA;Broute;Temoin;DUFI;5;;;;;;;;;;;;;3,8;;0,003;3;;0,00584795321637427;0,0909090909090909;0;0,2;5;;;;;;3,8;;;;;;;;;;;;;;;
02/08/2018;43;PA;Broute;Temoin;ERSC;4;-4,563;3,3578;-27,6948176231306;45,9689293;;;6,61;0,774928774928775;154,985754985755;0,193732193732194;0,161290322580645;0,1;5,48;4;0,037;8;;0,0721247563352827;0,242424242424242;0,0678514834340436;0,2;5;0,005;0,031;0,003;0,03;;6,8;3,7;5,6;5,7;5,6;;;;;;;P8021178.JPG;P8021177.JPG;;;
02/08/2018;43;PA;Broute;Temoin;SAAR;1;-5,78038736746497;2,8349095;-28,5540803352044;45,7462153;-2,16313769970454;1,4814311;6,44;3,16784869976359;105,594956658786;1,05594956658786;0,294117647058824;0,229508196721311;5,25;3;0,187;1;;0,364522417153996;0,0303030303030303;0,277371599207065;0,2;5;0,03;0,102;0,014;0,061;;7,5;3;;;;;;;;;;P8021174.JPG;P8021175.JPG;;;
30/07/2018;71;PA;Non Broute;Exclos;CAPR;3;;;;;;;;;;;;;3,75;;0,024;2;;0,0150375939849624;0,0161290322580645;0;0,166666666666667;6;;;0,002;;;4,2;3,3;;;;;;;;;;;;;;
30/07/2018;71;PA;Non Broute;Exclos;DUFI;2;1,26112297526405;2,5317699;-29,7833904926239;44,2659985;;;6,49;3,13839750260146;92,3058089000429;0,313839750260146;0,333333333333333;0,155555555555556;8,175;10;0,235;33;;0,147243107769424;0,266129032258064;0,14081936327905;0,166666666666667;6;0,034;0,102;0,007;0,045;;9,8;6,4;10,8;9,3;7,8;5,2;8,1;8;;;;P7301109.JPG;P7301116.JPG;;;
30/07/2018;71;PA;Non Broute;Exclos;ERSC;1;3,8765411025634;3,0837149;-28,5498990081384;44,5917358;3,00703582662466;0,7631054;6,25;4,94240837696335;76,0370519532823;0,411867364746946;0,300925925925926;0,158878504672897;10,425;12;0,665;74;;0,416666666666667;0,596774193548387;0,22176502502698;0,166666666666667;6;0,065;0,216;0,017;0,107;;10,5;10,3;13,5;10,4;8,2;10,5;11,4;8,6;;;;P7301111.JPG;P7301117.JPG;;;
30/07/2018;71;PA;Non Broute;Exclos;HIPA;5;;;;;;;;0,298319327731092;74,579831932773;0,099439775910364;0,4;0,159090909090909;6,43333333333333;3;0,006;3;;0,0037593984962406;0,0241935483870968;0,013385537603221;0,166666666666667;6;0,004;0,01;0,007;0,044;;5,8;5,7;7,8;;;;;;;;;P7301110.JPG;P7301114.JPG;;;
30/07/2018;71;PA;Non Broute;Exclos;PEAL;4;2,70553535325975;2,7785024;-30,6426532046977;43,4747499;0,936508817268816;1,1420325;6,31;6,09185803757829;93,7208928858199;1,52296450939457;0,169270833333333;0,241379310344828;6,825;4;0,128;8;;0,0802005012531328;0,0645161290322581;0,273340636209102;0,166666666666667;6;0,065;0,384;0,056;0,232;;5,5;6,7;7,5;7,6;;;;;;;;P7301108.JPG;P7301113.JPG;;;
30/07/2018;71;PA;Non Broute;Exclos;SAAR;6;-4,06463180703151;2,6385254;-31,3694391130847;45,6088993;-3,04377727836232;1,2465651;6,83;7,81570680628272;111,652954375467;0,97696335078534;0,281124497991968;0,320987654320988;7,775;8;0,538;4;;0,337092731829574;0,032258064516129;0,350689437881647;0,166666666666667;6;0,07;0,249;0,026;0,081;;9;7,8;7,2;7,1;;;;;;;;P7301112.JPG;P7301115.JPG;;;
29/07/2018;71;PA;Broute;Temoin;CAPR;4;;;;;;;;;;;;;;;0,005;1;;0,00364963503649635;0,00602409638554217;0;0,166666666666667;6;;;;;;;;;;;;;;;;;;;;;
29/07/2018;71;PA;Broute;Temoin;DUFI;1;2,30419505680237;2,6827477;-30,7718918431923;45,0108391;;;6,96;2,52565445026178;78,9267015706806;0,252565445026178;0,293577981651376;0,0972222222222222;7,8;10;0,545;121;1;0,397810218978102;0,728915662650602;0,131957593016941;0,166666666666667;6;0,032;0,109;0,007;0,072;0,001;6,5;8;8,6;5,7;9,8;10,1;8;5,7;;;;P7291099.JPG;P7291103.JPG;;;
29/07/2018;71;PA;Broute;Temoin;ERSC;2;4,28200829152933;3,6074854;-29,9579608976316;44,8207463;;;;2,21205821205821;76,2778693813176;0,221205821205821;0,26605504587156;0,0333333333333333;7,8;10;0,154;23;1;0,112408759124088;0,13855421686747;0,115573164510412;0,166666666666667;6;0,029;0,109;0,0006;0,018;0,006;9,3;7,9;7,5;6,8;7,5;8,5;8;6,9;6,4;;;P7291104.JPG;P7291105.JPG;;;
29/07/2018;71;PA;Broute;Temoin;PEAL;3;1,55711939456867;2,5518636;-29,6638375836479;43,3926369;1,13618872173192;1,1631045;6,34;8,19665271966527;81,1549774224284;0,819665271966527;0,185321100917431;0,197916666666667;5,31428571428572;10;0,175;15;;0,127737226277372;0,0903614457831325;0,428249622022001;0,166666666666667;6;0,101;0,545;0,019;0,096;;4,5;5,1;5;6;6,8;4,9;4,9;;;;;P7291100.JPG;P7291101.JPG;;;
29/07/2018;71;PA;Broute;Temoin;SAAR;5;-4,93024751070179;2,0690609;-28,9053118087528;47,1260893;-1,14937818473803;1,2913814;6,15;5,58498435870699;109,509497229549;0,558498435870699;0,303571428571429;0,214285714285714;7,93333333333333;10;0,465;3;;0,339416058394161;0,0180722891566265;0,291798069579887;0,166666666666667;6;0,051;0,168;0,021;0,098;;11,7;6,7;5,4;;;;;;;;;P7291106.JPG;P7291107.JPG;;;
29/07/2018;71;PA;Broute;Temoin;SAHI;6;-6,6783;2,543;-28,8185492721322;44,550914;;;;0,620545073375262;155,136268343815;0,0620545073375262;0,114285714285714;;1,66666666666667;10;0,026;3;;0,018978102189781;0,0180722891566265;0,0324215508707588;0,166666666666667;6;0,004;0,035;;;;2;2;1;;;;;;;;;P7291102.JPG;;;;
23/07/2018;72;PA;Non Broute;Exclos;CAPR;6;;;;;;;;;;;;;;;0,001;2;;0,00158982511923688;0,0833333333333333;0;0,25;4;;;;;;;;;;;;;;;;;;;;;
22/07/2018;72;PA;Non Broute;Exclos;ERSC;3;;;;;;;;;;;;;;;0,031;2;0;0,0492845786963434;0,0833333333333333;0;0,25;4;;;;;;;;;;;;;;;;;;;;;
22/07/2018;72;PA;Non Broute;Exclos;GRAM_feuilles striées;2;;;;;5,62130657582618;1,0001751;;;;;0,28125;0,366666666666667;9,6;;0,027;10;0;0,0429252782193959;0,416666666666667;0;0,25;4;0,009;0,032;0,011;0,03;;12,6;9;7,2;;;;;;;;;;;;;
22/07/2018;72;PA;Non Broute;Exclos;SAAR;1;-3,49408891772321;2,8123515;-29,6255453958804;45,5970673;-1,46989003138906;1,0047708;5,53;6,5858;107,96393442623;1,64645;0,308080808080808;0,419354838709677;14,6666666666667;4;0,57;10;2;0,906200317965024;0,416666666666667;1;0,25;4;0,061;0,198;0,013;0,031;;26,6;11,2;6,2;;;;;;;;;;;;;
29/07/2018;72;PA;Broute;Temoin;CAAQ;4;;;;;;;;;;;;;;;0,106;4;;0,0956678700361011;0,0248447204968944;0;0,25;4;;;;;;;;;;;;;;;;;;;;;
29/07/2018;72;PA;Broute;Temoin;DUFI;1;1,26112297526405;2,5317699;-29,7833904926239;44,2659985;;;5,49;3,13839750260146;92,3058089000429;0,313839750260146;0,333333333333333;0,155555555555556;8,175;10;0,235;136;2;0,212093862815884;0,84472049689441;0,388376796742267;0,25;4;0,034;0,102;0,007;0,045;;9,8;6,4;10,8;9,3;7,8;5,2;8,1;8;;;;P7301109.JPG;P7301116.JPG;;;
29/07/2018;72;PA;Broute;Temoin;ERSC;3;3,8765411025634;3,0837149;-30,5498990081384;44,5917358;3,00703582662466;0,7631054;6,85;4,94240837696335;76,0370519532823;0,411867364746946;0,300925925925926;0,158878504672897;10,425;12;0,665;4;;0,600180505415162;0,0248447204968944;0,611623203257733;0,25;4;0,065;0,216;0,017;0,107;;10,5;10,3;13,5;10,4;8,2;10,5;11,4;8,6;;;;P7301111.JPG;P7301117.JPG;;;
29/07/2018;72;PA;Broute;Temoin;HIPA;2;;;;;;;;;;;;;;;0,102;17;;0,092057761732852;0,105590062111801;0;0,25;4;;;;;;;;;;;;;;;;;;;;;
06/08/2018;A1;PR;Non Broute;Exclos;ARLA;2;4,22161667230729;2,7566003;-28,254849025657;43,4129268;3,29068369091327;0,9229875;6,59;9,5893536121673;121,384222938827;1,19866920152091;0,313492063492063;0,272727272727273;11,0875;8;0,353;16;1;0,17948851648989;0,380952380952381;0,304297563840654;0,2;5;0,079;0,252;0,024;0,088;0,012;9,5;6,8;12,6;12;12,5;10,5;6,5;18,3;;;;P8061339.JPG;P8061341.JPG;;;
06/08/2018;A1;PR;Non Broute;Exclos;LUCO;3;;;;;;;;1,15572232645403;105,065666041275;0,288930581613507;0,229166666666667;;7,65;4;0,013;4;;0,00661005868093078;0,0952380952380952;0,0366743685382492;0,2;5;0,011;0,048;;;;9,6;5,7;;;;;;;;;;P8061338.JPG;;;;
06/08/2018;A1;PR;Non Broute;Exclos;LUNI;5;-5,9437460467533;1,3081;-30,0041529349152;43,5161573;;;;1,92481203007519;120,300751879699;0,384962406015038;0,421052631578947;0,461538461538462;3,425;5;0,017;4;;0,00864392289044794;0,0952380952380952;0,0610797802742292;0,2;5;0,016;0,038;0,003;0,0065;;4,5;4,5;2,2;2,5;;;;;;;;P8061343.JPG;P8061344.JPG;;;
06/08/2018;A1;PR;Non Broute;Exclos;POVI;4;-0,709739633670304;2,9510062;-30,3558813010116;43,1572141;;;;2,95962441314554;155,769705955028;0,493270735524257;0,195876288659794;0,4;3,3;6;0,016;6;;0,00813545683806865;0,142857142857143;0,0939173311599224;0,2;5;0,019;0,097;0,002;0,005;;2,9;4,2;5,2;2,3;1,9;;;;;;;P8061340.JPG;P8061342.JPG;;;
06/08/2018;A1;PR;Non Broute;Exclos;SAAR;1;-5,61553427519643;2,5309326;-30,6982717458841;44,8867582;-2,80518539251667;1,1187291;6,8;15,8835680751174;128,093290928366;1,98544600938968;0,265524625267666;0,380281690140845;10,6;8;1,567699635739;12;;0,797122045100663;0,285714285714286;0,504030956186945;0,2;5;0,124;0,467;0,054;0,142;;21,5;5;8,5;15,5;8;11;10,8;4,5;;;;P8061336.JPG;P8061337.JPG;;;
06/08/2018;A1;PR;Broute;Temoin;ARLA;2;4,9087142127628;2,6805289;-28,6947688699782;43,633374;;;6,76;7,76271186440678;161,723163841808;1,55254237288136;0,30188679245283;;9,91428571428571;5;0,19;7;;0,0550884314293998;0,134615384615385;0,353844446295164;0,166666666666667;6;0,048;0,159;;;;8;5;13,9;10;11,5;12,6;8,4;;;;;P8061345.JPG;;;;
06/08/2018;A1;PR;Broute;Temoin;Gram_feuilles_enroulées;6;;;;;;;;;;;;;1,8;;0,013;1;;0,00376920846622209;0,0192307692307692;0;0,166666666666667;6;;;;;;1,8;;;;;;;;;;;;;;;
06/08/2018;A1;PR;Broute;Temoin;LUNI;4;0,388844425813383;1,6365393;-30,9182316680447;43,8266694;;;5,94;3,2476370510397;141,20161091477;0,32476370510397;0,319444444444444;0,210526315789474;4,475;10;0,168;21;1;0,0487097709481009;0,403846153846154;0,148035680592741;0,166666666666667;6;0,023;0,072;0,008;0,038;;3,2;7;5,5;3,6;4;4,5;3,5;4,5;;;;P8061348.JPG;P8061350.JPG;;;
06/08/2018;A1;PR;Broute;Temoin;POVI;3;;;;;;;;0,638255698711596;127,651139742319;0,638255698711596;0,172413793103448;;6;1;0,003;2;;0,000869817338358945;0,0384615384615385;0,029093342410513;0,166666666666667;6;0,005;0,029;;;;6;;;;;;;;;;;P8061349.JPG;;;;
06/08/2018;A1;PR;Broute;Temoin;SAAR;1;-6,02247597326383;1,9311363;-28,750796397321;46,3638515;-3,07347326415427;1,0381868;6,46;10,2896;111,84347826087;0,935418181818182;0,298701298701299;0,344827586206897;6,4125;11;3,072;20;;0,890692954479559;0,384615384615385;0,469026530701582;0,166666666666667;6;0,092;0,308;0,03;0,087;;5;5,2;5,6;5,2;4,9;11;7,6;6,8;;;;P8061347.JPG;P8061346.JPG;;;
06/08/2018;A1;PR;Broute;Temoin;STLO;5;;;;;;;;;;;;;2,8;;0,003;1;;0,000869817338358945;0,0192307692307692;0;0,166666666666667;6;;;;;;2,8;;;;;;;;;;;;;;;
05/08/2018;B1;PR;Non Broute;Exclos;ARLA;2;4,4547390521047;3,0073911;-28,8898276688753;44,2490724;4,82258695797377;1,0114638;6,82;9,4154995331465;147,117180205414;1,17693744164331;0,313725490196078;0,366863905325444;10,7125;8;0,592;35;;0,166526019690577;0,522388059701493;0,29272649201214;0,2;5;0,064;0,204;0,062;0,169;;9,2;11,8;7,5;8,8;11,7;11;15,5;10,2;;;;P8051319.JPG;P8051322.JPG;;;
05/08/2018;B1;PR;Non Broute;Exclos;OXDY;3;;;;;;;;1,02222222222222;113,58024691358;0,34074074074074;0,209302325581395;0,285714285714286;2,65;3;0,01;2;;0,00281293952180028;0,0298507462686567;0,0317807381450708;0,2;5;0,009;0,043;0,006;0,021;;2,6;2,7;;;;;;;;;;P8051325.JPG;P8051324.JPG;;;
05/08/2018;B1;PR;Non Broute;Exclos;POAR;5;-1,29663544947606;1,4257857;-31,273072674549;42,553934;;;;2,12488350419385;92,3862393127761;0,42497670083877;0,433962264150943;0,323529411764706;7,23333333333333;5;0,044;7;;0,0123769338959212;0,104477611940299;0,0660623147956617;0,2;5;0,023;0,053;0,011;0,034;;7,8;6,5;7,4;;;;;;;;;P8051323.JPG;P8051326.JPG;;;
05/08/2018;B1;PR;Non Broute;Exclos;SAAR;1;-4,65237075866504;2,5832606;-29,3556861832625;45,9886287;-2,69766544395961;1,2107462;6,63;19,6022304832714;103,715505202494;1,96022304832714;0,321428571428571;0,471264367816092;9,1125;10;2,876;20;;0,809001406469761;0,298507462686567;0,609430455047127;0,2;5;0,189;0,588;0,041;0,087;;11;11,7;6,8;9,2;6,5;4,1;12,9;10,7;;;;P8051320.JPG;P8051321.JPG;;;
05/08/2018;B1;PR;Non Broute;Exclos;STLO;4;;;;;;;;;;;;;2,26666666666667;;0,033;3;;0,00928270042194093;0,0447761194029851;0;0,2;5;;;;;;1,5;3,6;1,7;;;;;;;;;;;;;
06/08/2018;B1;PR;Broute;Temoin;ARLA;6;3,38114914514296;2,5719415;-29,6928888941219;44,112143;3,76684346309451;1,6472376;6,48;5,37956888472352;137,93766371086;1,79318962824117;0,312;0,4;12,4;3;0,137;2;;0,0528549382716049;0,0689655172413793;0,229238128534225;0,166666666666667;6;0,039;0,125;0,014;0,035;;17,5;7,3;;;;;;;;;;P8061327.JPG;P8061329.JPG;;;
06/08/2018;B1;PR;Broute;Temoin;LUNI;5;;;-31,4878448626964;40,5822582;;;;2,61756373937677;137,766512598777;0,373937677053824;0,339285714285714;0,346153846153846;5,2375;7;0,081;9;;0,03125;0,310344827586207;0,111541542787516;0,166666666666667;6;0,019;0,056;0,009;0,026;;7,7;4;8,8;3,4;5,3;3,7;2,9;6,1;;;;P8061330.JPG;P8061331.JPG;;;
06/08/2018;B1;PR;Broute;Temoin;POAR;4;;;;;;;;0,358829084041549;59,8048473402582;0,0897072710103873;0,4;;5,83333333333333;4;0,008;3;;0,00308641975308642;0,103448275862069;0,0152906876837144;0,166666666666667;6;0,006;0,015;;;;6;6;5,5;;;;;;;;;P8061335.JPG;;;;
06/08/2018;B1;PR;Broute;Temoin;POVI;2;-6,73;2,69;-30,0404670730077;44,5028219;;;;1,41862652869238;118,218877391032;0,70931326434619;0,307692307692308;;3,8;2;0,004;2;;0,00154320987654321;0,0689655172413793;0,0604515524375814;0,166666666666667;6;0,012;0,039;;;;5,5;2,1;;;;;;;;;;P8061332.JPG;;;;
06/08/2018;B1;PR;Broute;Temoin;SAAR;1;-6,3506877448207;2,1553908;-29,3587988236705;46,455036;-3,16665721957038;1,0701958;6,73;13,0441314553991;113,427230046949;;0,315934065934066;0,336842105263158;10,1833333333333;;2,338;10;;0,902006172839506;0,344827586206897;0,555846081213214;0,166666666666667;6;0,115;0,364;0,032;0,095;;15,8;9,9;10;9,6;8,1;7,7;;;;;;P8061328.JPG;P8061333.JPG;;;
06/08/2018;B1;PR;Broute;Temoin;STLO;3;;;;;;;;0,648444863336475;108,074143889413;0,0810556079170594;0,3;;2,26666666666667;8;0,024;3;;0,00925925925925926;0,103448275862069;0,0276320073437492;0,166666666666667;6;0,006;0,02;;;;3;2,7;1,1;;;;;;;;;P8061334.JPG;;;;
07/08/2018;C1;PR;Non Broute;Exclos;ARLA;1;;;;;;;;;;;;;;;0,373;17;;0,401506996770721;0,333333333333333;;0,2;5;;;;;;;;;;;;;;;;;;;;;
07/08/2018;C1;PR;Non Broute;Exclos;LUNI;2;;;;;;;;;;;;;;;0,063;13;;0,0678148546824543;0,254901960784314;;0,2;5;;;;;;;;;;;;;;;;;;;;;
07/08/2018;C1;PR;Non Broute;Exclos;POAR;5;;;;;;;;;;;;;;;0,008;2;;0,00861141011840689;0,0392156862745098;;0,2;5;;;;;;;;;;;;;;;;;;;;;
07/08/2018;C1;PR;Non Broute;Exclos;POVI;4;;;;;;;;;;;;;;;0,035;1;;0,0376749192680301;0,0196078431372549;;0,2;5;;;;;;;;;;;;;;;;;;;;;
07/08/2018;C1;PR;Non Broute;Exclos;SAAR;3;;;;;;;;;;;;;;;0,45;18;;0,484391819160387;0,352941176470588;;0,2;5;;;;;;;;;;;;;;;;;;;;;
07/08/2018;C1;PR;Broute;Temoin;ARLA;4;;;;;;;;;;;;;;;0,289;8;;0,197539302802461;0,296296296296296;;0,166666666666667;6;;;;;;;;;;;;;;;;;;;;;
07/08/2018;C1;PR;Broute;Temoin;LUNI;6;;;;;;;;;;;;;;;0,03;7;;0,0205058099794942;0,259259259259259;;0,166666666666667;6;;;;;;;;;;;;;;;;;;;;;
07/08/2018;C1;PR;Broute;Temoin;POAR;2;;;;;;;;;;;;;;;0,003;1;;0,00205058099794942;0,037037037037037;;0,166666666666667;6;;;;;;;;;;;;;;;;;;;;;
07/08/2018;C1;PR;Broute;Temoin;POVI;5;;;;;;;;;;;;;;;0,016;1;;0,0109364319890636;0,037037037037037;;0,166666666666667;6;;;;;;;;;;;;;;;;;;;;;
07/08/2018;C1;PR;Broute;Temoin;SAAR;1;;;;;;;;;;;;;;;1,09;9;;0,745044429254956;0,333333333333333;;0,166666666666667;6;;;;;;;;;;;;;;;;;;;;;
07/08/2018;C1;PR;Broute;Temoin;SAOP;3;;;;;;;;;;;;;;;0,035;1;;0,0239234449760766;0,037037037037037;;0,166666666666667;6;;;;;;;;;;;;;;;;;;;;;
05/08/2018;D1;PR;Non Broute;Exclos;ARLA;3;4,80442262180081;2,6749015;-28,071203241589;44,1789658;5,2710987433832;1,2911863;6,14;8,28222013170273;131,463811614329;1,18317430452896;0,313432835820895;0,316326530612245;10,8125;7;0,453;20;;0,405441689787881;0,384615384615385;0,325430193033238;0,166666666666667;6;0,063;0,201;0,062;0,196;;12,6;9,7;7,7;9,8;10,7;7,9;17,3;10,8;;;;P8051313.JPG;P8051312.JPG;;;
05/08/2018;D1;PR;Non Broute;Exclos;LUNI;6;;;;;;;;;;;;;2,25;1;0,001;2;;0,000895014767743668;0,0384615384615385;0;0,166666666666667;6;0,002;;;;;2,2;2,3;;;;;;;;;;;;;;
05/08/2018;D1;PR;Non Broute;Exclos;OXDY;5;;;;;;;;1,6;200;0,533333333333333;0,123076923076923;0,25;3,03333333333333;3;0,005;1;;0,00447507383871834;0,0192307692307692;0,0628682044878386;0,166666666666667;6;0,008;0,065;0,001;0,004;;3,1;3;3;;;;;;;;;P8051318.JPG;P8051317.JPG;;;
05/08/2018;D1;PR;Non Broute;Exclos;SAAR;1;-4,38141711547945;2,2463975;-29,0081080043767;45,9331231;;;5,83;11,0678466076696;111,796430380501;1,22976073418551;0,344947735191638;0,321428571428571;11;9;0,548;5;;0,49046809272353;0,0961538461538462;0,434884777356877;0,166666666666667;6;0,099;0,287;0,009;0,028;;23,2;6,9;6,1;7,8;;;;;;;;P8051316.JPG;P8051315.JPG;;;
05/08/2018;D1;PR;Non Broute;Exclos;SAHE;2;-5,8619487205086;2,2757977;-32,0014305300053;47,7546585;;;6,79;4,5;166,666666666667;0,45;0,303370786516854;0,307692307692308;3,425;10;0,1053;23;;0,0942450550434082;0,442307692307692;0,176816825122046;0,166666666666667;6;0,027;0,089;0,008;0,026;;2,7;4,4;2,7;3,3;4,5;4;2,2;3,6;;;;P8051311.JPG;P8051314.JPG;;;
05/08/2018;D1;PR;Non Broute;Exclos;STLO;4;;;;;;;;;;;;;2,6;2;0,005;1;;0,00447507383871834;0,0192307692307692;0;0,166666666666667;6;;;;;;2,6;;;;;;;;;;;;;;;
05/08/2018;D1;PR;Broute;Temoin;ARLA;1;3,91487669888965;2,5096442;-28,8763395604409;43,9914261;4,74476299520867;0,9077513;6,77;5,00856327307326;122,160079831055;0,556507030341473;0,312977099236641;0,268817204301075;9,2;9;0,438;33;;0,11353032659409;0,362637362637363;0,252270635569282;0,166666666666667;6;0,041;0,131;0,05;0,186;;12,4;10,2;12,1;7,8;8,7;7,9;7;7,5;;;;P8051301.JPG;P8051303.JPG;;;
05/08/2018;D1;PR;Broute;Temoin;CATE;4;-6,46622646814135;0,7781716;-29,4231267254344;42,3847157;-5,43072013632892;0,8853838;6,4;1,19617180205416;119,617180205416;0,0478468720821664;0,3125;0,433333333333333;3,9375;25;2,741;32;2;0,710471747019181;0,351648351648352;0,0357419018790708;0,166666666666667;6;0,01;0,032;0,013;0,03;;4,5;5;3,6;3,9;4,2;4,2;3,3;2,8;;;;P8051307.JPG;P8051305.JPG;;;
05/08/2018;D1;PR;Broute;Temoin;LUNI;6;-0,546144981180896;1,4910887;-29,8277699784656;43,6717135;0,214589162671453;0,4874234;7,09;2,84701492537313;105,444997236042;0,474502487562188;0,310344827586207;0,314814814814815;5,175;6;0,042;4;;0,0108864696734059;0,043956043956044;0,143398061587912;0,166666666666667;6;0,027;0,087;0,017;0,054;;6;5,3;5,6;3,8;;;;;;;;P8051300.JPG;P8051302.JPG;;;
05/08/2018;D1;PR;Broute;Temoin;SAAR;2;-6,52552952966876;2,3870496;-30,4440727792363;45,1486478;-3,46771307553013;1,0846012;6,61;8,04868913857678;114,98127340824;1,3414481897628;0,304347826086957;0,414634146341463;8,2;6;0,494;4;;0,128045619491965;0,043956043956044;0,40539528279583;0,166666666666667;6;0,07;0,23;0,017;0,041;;8,1;10,1;8,4;6,2;;;;;;;;P8051309.JPG;P8051306.JPG;;;
05/08/2018;D1;PR;Broute;Temoin;SAHE;3;-5,21063751028514;2,2875489;-30,4731240897103;47,8511139;;;;2,73252562907735;151,806979393186;0,303613958786372;0,295081967213115;0,272727272727273;2,6875;9;0,109;15;;0,0282529808190772;0,164835164835165;0,137631480241582;0,166666666666667;6;0,018;0,061;0,006;0,022;;3,1;2,6;3,1;2,4;2,2;2,7;2,9;2,5;;;;P8051304.JPG;P8051310.JPG;;;
05/08/2018;D1;PR;Broute;Temoin;STLO;5;;;;;;;;0,507518796992481;126,87969924812;0,0362513426423201;0,210526315789474;;2,8;14;0,034;3;;0,00881285640228098;0,032967032967033;0,0255626379263229;0,166666666666667;6;0,004;0,019;;;;2,4;3;3;;;;;;;;;P8051308.JPG;;;;
31/07/2018;E1;PO;Non Broute;Exclos;ARLA;3;2,82209696225013;2,8775678;-27,9914075184139;43,4094206;0,968252802080899;0,7833632;6,08;7,44783306581059;84,6344666569385;0,744783306581059;0,324723247232472;0,339285714285714;8,8875;10;0,242;39;3;0,0722420553494897;0,52;0,236168132278972;0,25;4;0,088;0,271;0,019;0,056;0,046;12,5;5,2;8,8;10,1;5,9;4,8;14;9,8;16,5;19;;P7311156.JPG;P7311157.JPG;;;
31/07/2018;E1;PO;Non Broute;Exclos;LUCO;4;;;;;;;;;;;;;10,1;;0,0768493201676254;2;;0,0229411274426457;0,0266666666666667;0;0,25;4;0,011;;;;;10,1;;;;;;;;;;;;;;;
31/07/2018;E1;PO;Non Broute;Exclos;SAAR;1;-7,33947425169506;1,9188913;-28,9115843137704;45,230931;-3,18201721222139;0,7362625;5,98;10,6871310507674;100,821991044975;1,18745900564082;0,345276872964169;0,526315789473684;7,7;9;1,757;23;;0,524501203508485;0,306666666666667;0,338885116970013;0,25;4;0,106;0,307;0,02;0,038;;11,1;9,2;10;6,7;6,2;3,7;7;;;;;P7311155.JPG;P7311159.JPG;;;
31/07/2018;E1;PO;Non Broute;Exclos;SARE;2;-7,51756577898246;1,5133646;-29,7645571858704;44,6085373;-4,18144073404696;0,9600338;5,9;13,4011834319527;119,653423499578;1,34011834319527;0,311111111111111;0,471910112359551;4,73333333333333;10;1,274;11;4;0,38031561369938;0,146666666666667;0,424946750751015;0,25;4;0,112;0,36;0,042;0,089;0,08;2,8;1,9;5,3;3,6;9;5,8;;;8,8;4,4;4,5;P7311160.JPG;P7311158.JPG;;;
31/07/2018;E1;PO;Broute;Temoin;ARLA;1;1,7670082046579;2,7615377;-27,7256935449234;43,6850476;1,48434855515476;0,767035;6,04;3,37158984007526;66,109604707358;0,561931640012543;0,383458646616541;0,393939393939394;8,84;6;0,103;10;;0,0267462996624253;0,196078431372549;0,161208868734958;0,25;4;0,051;0,133;0,039;0,099;;11,2;8,4;10,4;4,3;9,9;;;;;;;P7311161.JPG;P7311162.JPG;;;
31/07/2018;E1;PO;Broute;Temoin;LUCO;3;;;;;;;;0,795675675675676;113,667953667954;0,0884084084084084;0,411764705882353;0,357142857142857;5,06;9;0,004;5;;0,00103869124902623;0,0980392156862745;0,0380443593793532;0,25;4;0,007;0,017;0,005;0,014;;4,9;4;5,3;5,5;5,6;;;;;;;P7311165.JPG;P7311166.JPG;;;
31/07/2018;E1;PO;Broute;Temoin;SAAR;4;-6,69958725248799;2,2723205;-28,9901612086547;46,7716287;-3,23321718772475;1,0887656;6,39;16,4192139737991;100,731374072387;1,49265581579992;0,317120622568093;0,329842931937173;8,4125;11;3,713;28;;0,964165151908595;0,549019607843137;0,785066700217096;0,25;4;0,163;0,514;0,126;0,382;;5,6;7,6;8,9;11,5;11,3;9;4,7;8,7;;;;P7311163.JPG;P7311164.JPG;;;
31/07/2018;E1;PO;Broute;Temoin;STLO;2;;;;;;;;0,327939590075512;65,5879180151024;0,0218626393383675;0,227272727272727;;2,95714285714286;15;0,031;8;;0,00804985717995326;0,156862745098039;0,0156800716685927;0,25;4;0,005;0,022;;;;3,5;3,2;1;1,5;2;2,4;7,1;;;;;P7311167.JPG;;;;
31/07/2018;F1;PO;Non Broute;Exclos;ARLA;2;;;;;;;;;;;;;;;0,199;;;0,100403632694248;;;0,25;4;;;;;0,034;;;;;;;;;;;;;;;;
31/07/2018;F1;PO;Non Broute;Exclos;LUCO;4;;;;;;;;;;;;;;;0,008;;;0,00403632694248234;;;0,25;4;;;;;;;;;;;;;;;;;;;;;
31/07/2018;F1;PO;Non Broute;Exclos;SAAR;1;;;;;;;;;;;;;;;1,392;;;0,702320887991927;;;0,25;4;;;;;;;;;;;;;;;;;;;;;
31/07/2018;F1;PO;Non Broute;Exclos;SARE;3;;;;;;;;;;;;;;;0,383;;;0,193239152371342;;;0,25;4;;;;;;;;;;;;;;;;;;;;;
31/07/2018;F1;PO;Broute;Temoin;DUFI;3;;;;;;;;;;;;;;;0,02;4;;0,0130123617436565;0,235294117647059;;0,2;5;;;;;;;;;;;;;;;;;;;;;
31/07/2018;F1;PO;Broute;Temoin;LUNI;2;;;;;;;;;;;;;;;0,009;1;;0,00585556278464541;0,0588235294117647;;0,2;5;;;;;;;;;;;;;;;;;;;;;
31/07/2018;F1;PO;Broute;Temoin;SAAR;1;;;;;;;;;;;;;;;1,202;;;0,782042940793754;0;;0,2;5;;;;;;;;;;;;;;;;;;;;;
31/07/2018;F1;PO;Broute;Temoin;SARE;4;;;;;;;;;;;;;;;0,298;12;3;0,193884189980481;0,705882352941176;;0,2;5;;;;;0,002;;;;;;;;;;;;;;;;
31/07/2018;F1;PO;Broute;Temoin;STLO;5;;;;;;;;;;;;;;;0,008;;;0,00520494469746259;0;;0,2;5;;;;;;;;;;;;;;;;;;;;;
31/07/2018;G1;PO;Non Broute;Exclos;ARLA;6;2,84487611108922;2,3788626;-27,9035254649248;42,6042164;1,37990060512791;0,8054539;6,13;3,18457300275482;58,9735741250893;0,454939000393546;0,412213740458015;0,322222222222222;11,52;7;0,077;6;;0,0183753340969836;0,109090909090909;0,0815778795266703;0,142857142857143;7;0,054;0,131;0,029;0,09;;10,7;12,9;13,7;6,4;13,9;;;;;;;P7311139.JPG;P7311140.JPG;;;
31/07/2018;G1;PO;Non Broute;Exclos;ASAL;4;-1,06381874652675;3,011622;-29,4957414928449;42,7816665;;;6,22;9,45961002785515;124,468552998094;1,35137286112216;0,214689265536723;0,263157894736842;6,2;7;0,007;2;2;0,0016704849179076;0,0363636363636364;0,242322888046245;0,142857142857143;7;0,076;0,354;0,005;0,019;0,097;6,2;;;;;;;;6,8;4,5;5,4;P7311142.JPG;P7311143.JPG;;;
31/07/2018;G1;PO;Non Broute;Exclos;inc_Feuilles_mauves;5;;;;;;;;0,979206049149338;163,201008191556;0,244801512287334;0,461538461538462;;4,7;4;0,015;5;;0,00357961053837342;0,0909090909090909;0,0250839133033502;0,142857142857143;7;0,006;0,013;;;;3,7;5,8;6,2;3,1;;;;;;;;P7311134.JPG;;2;petits idividus;
31/07/2018;G1;PO;Non Broute;Exclos;LUNI;1;-2,12719083096955;1,2509195;-29,0697720100507;43,6819772;;;6,18;2,54505494505494;72,7158555729983;0,424175824175823;0,324074074074074;0,333333333333333;4;6;0,026;3;;0,00620465826651394;0,0545454545454545;0,065195611944473;0,142857142857143;7;0,035;0,108;0,007;0,021;;3,5;4,5;;;;;;;;;;P7311132.JPG;P7311133.JPG;;;
31/07/2018;G1;PO;Non Broute;Exclos;POA_sp;7;-1,27090191779117;1,5065482;-30,3559517105264;42,6272581;;;;1,13543599257885;59,7597890830974;0,189239332096475;0,422222222222222;;5,83333333333333;6;0,039;4;;0,00930698739977091;0,0727272727272727;0,0290859906595692;0,142857142857143;7;0,019;0,045;;;;8,1;6,6;2,8;;;;;;;;;P7311141.JPG;;;;
31/07/2018;G1;PO;Non Broute;Exclos;SAAR;2;-7,08993903032143;2,233601;-29,1390437463304;45,8158933;-4,3237766659463;1,2232068;5,82;14,3498596819457;110,383536014967;1,43498596819457;0,303738317757009;0,382978723404255;6,85;10;3,026;14;;0,722126765941199;0,254545454545454;0,367594375555446;0,142857142857143;7;0,13;0,428;0,018;0,047;;12,9;10,2;5;5,6;5,4;6;5,5;4,2;;;;P7311137.JPG;P7311138.JPG;;;
31/07/2018;G1;PO;Non Broute;Exclos;SARE;3;-7,54552200710316;2,0620547;-29,7097601407537;44,7238449;-3,88243287710734;1,0511909;5,75;7,38347260909935;121,040534575399;0,738347260909935;0,309644670050761;0,386363636363636;3,18;10;1,0004;21;2;0,238736158839252;0,381818181818182;0,189139340964246;0,142857142857143;7;0,061;0,197;0,034;0,088;0,016;3,6;3,9;1,5;5;1,9;;;;2,1;1,5;2;P7311135.JPG;P7311136.JPG;;;
31/07/2018;G1;PO;Broute;Temoin;ARLA;2;2,76411367429609;3,0154057;-27,738100423063;43,7411645;2,46534008579912;0,966689;5,92;4,89916743755782;89,0757715919604;0,489916743755782;0,366666666666667;0,365079365079365;9,63333333333333;10;0,362;27;;0,065160897039203;0,321428571428571;0,180594797118696;0,125;8;0,055;0,15;0,046;0,126;;8,8;11,4;11,2;7,8;9,2;9,4;;;;;;P7311149.JPG;P7311150.JPG;;;
31/07/2018;G1;PO;Broute;Temoin;DRIN;5;-7,46579498616635;1,3993717;-31,7434542491425;41,7213877;;;;1,14847161572052;67,5571538659129;0,12760795730228;0,369565217391304;;2,13333333333333;9;0,025;4;;0,0045000619502212;0,0476190476190476;0,0423353561765627;0,125;8;0,017;0,046;;;;2;1,9;2,5;;;;;;;;;P7311146.JPG;;;;
31/07/2018;G1;PO;Broute;Temoin;Inc_feuille obovale;7;;;;;-2,29318563748308;0,7064923;;;;;;;;;0,0654790748538745;1;;0,0117863957314243;0,0119047619047619;0;0,125;8;0,005;;0,031;;;;;;;;;;;;;;;;;;
31/07/2018;G1;PO;Broute;Temoin;LUNI;3;-2,44506349886044;1,3927176;-30,269103563549;43,6631615;-1,50163401620114;0,4700944;6,16;2,90754516471838;83,0727189919537;0,323060573857598;0,448717948717949;0,448275862068966;5,43333333333333;9;0,258;19;;0,0464406393262828;0,226190476190476;0,107178931079259;0,125;8;0,035;0,078;0,013;0,029;;6;6,5;5;5;4,8;5,3;;;;;;P7311153.JPG;P7311154.JPG;;;
31/07/2018;G1;PO;Broute;Temoin;POA_sp;8;;;;;;;;;;;;;;;0,013;1;;0,00234003221411502;0,0119047619047619;0;0,125;8;0,003;;;;;;;;;;;;;;;;;;;;
31/07/2018;G1;PO;Broute;Temoin;SAAR;1;-7,77331349549402;2,4615718;-29,6208441807529;45,5336393;-4,1240967614832;1,0509353;5,95;9,47659574468085;96,699956578376;0,861508704061895;0,334470989761092;0,55;6,05;11;3,792;18;;0,682569396609552;0,214285714285714;0,349329535619967;0,125;8;0,098;0,293;0,033;0,06;;4,7;4,3;4,5;4,4;12;6,4;;;;;;P7311147.JPG;P7311148.JPG;;;
31/07/2018;G1;PO;Broute;Temoin;SAHI;4;-7,34050966755138;2,3904288;-26,6514646793331;41,3080528;-1,37977807450315;0,4098859;;0,988962472406181;54,9423595781212;0,494481236203091;0,295081967213115;0,4;2,7;2;0,046;1;;0,00828011398840701;0,0119047619047619;0,0364554752085038;0,125;8;0,018;0,061;0,034;0,085;;2,7;;;;;;;;;;;P7311144.JPG;P7311145.JPG;un individu :o;;
31/07/2018;G1;PO;Broute;Temoin;SARE;6;-7,34050966755138;2,3904288;-30,5100037807603;45,1566207;-3,08166526023481;1,0595223;5,93;7,70721205597417;110,10302937106;0,700655641452197;0,316742081447964;0,5;4,35;11;0,994;13;1;0,178922463140795;0,154761904761905;0,284105904797012;0,125;8;0,07;0,221;0,017;0,034;0,012;4,5;3,5;5;4,4;;;;;2;;;P7311151.JPG;P7311152.JPG;;;
30/07/2018;H1;PO;Non Broute;Exclos;ARLA;1;1,15507743357154;3,0684611;-29,20831548261;43,5953245;1,32050863354401;0,6470236;6,04;6,5989417989418;104,745107919711;1,31978835978836;0,221052631578947;0,182978723404255;15,025;5;0,2;10;;0,179372197309417;0,4;0,304426637114091;0,142857142857143;7;0,063;0,285;0,043;0,235;;16,5;15,7;13,4;14,5;;;;;;;;P7311122.JPG;P7311120.JPG;Poids frais pris après une nuit dans un ziplock avec de l'eau!;;
30/07/2018;H1;PO;Non Broute;Exclos;CEAL;5;;;;;;;;;;;;;1,5;8;0,05;1;;0,0448430493273543;0,04;0;0,142857142857143;7;;0,031;;0,014;;1,5;;;;;;;;;;;;;Poids frais pris après 5 nuits dans un ziplock avec de l'eau!;;
30/07/2018;H1;PO;Non Broute;Exclos;Inc_feuilles_fines;6;;;;;;;;;;;;;6,45;;0,017;3;;0,0152466367713005;0,12;0;0,142857142857143;7;;;;;;6,6;6,3;;;;;;;;;;;;*ça devrait être LUCO ;;
30/07/2018;H1;PO;Non Broute;Exclos;LUCO;3;;;;;;;;0,635875402792696;79,484425349087;0,127175080558539;0,121212121212121;0,1;7,23333333333333;5;0,009;2;;0,00807174887892377;0,08;0,0293346140023224;0,142857142857143;7;0,008;0,066;0,001;0,01;;6,9;9,8;5;;;;;;;;;P7311121.JPG;P7311125.JPG;Poids frais pris après une nuit dans un ziplock avec de l'eau!;;
30/07/2018;H1;PO;Non Broute;Exclos;POA_sp;7;;;;;;;;;;;;;;;;2;;0;0,08;0;0,142857142857143;7;;;;;;;;;;;;;;;;;;;Poids frais pris après une nuit dans un ziplock avec de l'eau!;;
30/07/2018;H1;PO;Non Broute;Exclos;SAAR;4;-6,91495375060299;2,1741389;-29,7604215598239;46,5722958;;;5,75;7,33932584269663;118,376223269301;1,22322097378277;0,284403669724771;0,186046511627907;7,45;6;0,213;3;;0,191031390134529;0,12;0,338582511113368;0,142857142857143;7;0,062;0,218;0,008;0,043;;7,6;7,3;;;;;;;;;;P7311126.JPG;P7311119.JPG;Poids frais pris après une nuit dans un ziplock avec de l'eau!;;
30/07/2018;H1;PO;Non Broute;Exclos;SARE;2;-7,58590322549972;2,0373478;-30,4231556337828;44,5345406;-4,98323235042956;1,4158486;5,98;7,1024811218986;124,604931963133;1,01464016027123;0,243589743589744;0,131868131868132;7,425;7;0,626;4;2;0,561434977578475;0,16;0,327656237770219;0,142857142857143;7;0,057;0,234;0,012;0,091;;5;11,1;6,6;7;;;;;;;;P7311123.JPG;P7311124.JPG;Poids frais pris après une nuit dans un ziplock avec de l'eau!;;
31/07/2018;H1;PO;Broute;Temoin;POA_sp;3;-0,465348381572567;2,1981859;-28,35534261051;42,9962832;-0,471490509073559;0,7477718;6,31;5,62274881516588;92,1762100846866;1,40568720379147;0,516949152542373;0,435897435897436;7,83333333333333;4;0,291822757678417;6;;0,476306890498557;0,428571428571429;0,163624865055539;0,333333333333333;3;0,061;0,118;0,034;0,078;0,026;8,3;10,7;12,6;7,9;4;3,5;;;;;;P7311127.JPG;P7311131.JPG;;;
31/07/2018;H1;PO;Broute;Temoin;SAAR;1;-7,56001782909167;2,7773371;-29,9010328454064;45,1691146;-3,88448087612748;1,4075142;5,95;7,91028037383178;104,082636497787;1,58205607476636;0,307692307692308;0,345454545454545;7,85;5;0,248;2;1;0,404780318654286;0,142857142857143;0,797608691267105;0,333333333333333;3;0,076;0,247;0,019;0,055;0,255;9,5;6,2;;;;;;;8,5;;;P7311129.JPG;P7311128.JPG;;;
31/07/2018;H1;PO;Broute;Temoin;STLO;2;;;;;;;;0,384466019417476;42,7184466019418;0,0192233009708738;0,346153846153846;;2;20;0,0728552520244499;6;;0,118912790847158;0,428571428571429;0,0387664436773563;0,333333333333333;3;0,009;0,026;0,012;;;2;;;;;;;;;;;P7311130.JPG;;;;
29/07/2018;ROC3;1;Non Broute;Exclos;DUFI;1;2,16032405094075;3,2125619;-29,9730265308358;45,2624;2,21570285391869;1,8797402;6,08;4,49921996879875;91,8208156897704;0,499913329866528;0,272222222222222;0,164705882352941;12,65;9;0,431;35;2;0,377738825591586;0,353535353535354;0,29284437091885;0,2;5;0,049;0,18;0,014;0,085;;15,4;14,5;16,1;8,4;8,1;9,2;18,4;11,1;11,9;12,1;;P7291094.JPG;P7291096.JPG;;;
29/07/2018;ROC3;1;Non Broute;Exclos;ERAN;4;2,00388666449775;3,2664727;-30,8902179043733;45,3520001;1,33881892774561;0,9210692;6,74;6,37978560490046;89,8561352802882;0,797473200612557;0,306034482758621;0,380373831775701;14,4875;8;0,371;15;;0,325153374233129;0,151515151515152;0,415246268246588;0,2;5;0,071;0,232;0,0407;0,107;;10,9;17,7;14,2;15,5;12,1;14,3;12,6;18,6;;;;P7291091.JPG;P7291090.JPG;;;
29/07/2018;ROC3;1;Non Broute;Exclos;ERSC;3;1,6378436295527;2,6797414;-30,3558813010116;45,3392545;1,91287200964729;1,5602484;6,4;1,42478565861263;74,988718874349;0,356196414653157;0,306451612903226;0,139240506329114;10,4;4;0,09;11;;0,0788781770376862;0,111111111111111;0,0927361771116105;0,2;5;0,019;0,062;0,011;0,079;;8,3;10,7;12,5;11,8;8,7;;;;;;;P7291095.JPG;P7291089.JPG;;;
29/07/2018;ROC3;1;Non Broute;Exclos;HIPA;2;0,867926296274424;2,3486896;-30,1141328959954;43,7769352;0,189693131469968;1,3456363;6,42;1,9190031152648;61,9033262988645;0,213222568362756;0,329787234042553;0,25;8,425;9;0,235;36;;0,205959684487292;0,363636363636364;0,124903708637983;0,2;5;0,031;0,094;0,014;0,056;;6,4;5;8,5;9,2;9,1;8,2;9,4;11,6;;;;P7291092.JPG;P7291097.JPG;;;
29/07/2018;ROC3;1;Non Broute;Exclos;PEAL;5;1,88016820855264;2,223247;-29,7966435743863;44,5184611;;;;1,141065830721;71,3166144200625;0,380355276907;0,231884057971014;0,212765957446808;4,15;3;0,014;2;;0,0122699386503067;0,0202020202020202;0,0742694750849674;0,2;5;0,016;0,069;0,01;0,047;;4;4,3;;;;;;;;;;P7291098.JPG;P7291093.JPG;;;
28/07/2018;ROC3;1;Broute;Temoin;CAAQ;3;2,23394164456098;3,527404;-30,4025709071305;45,2083812;2,51751406571779;0,5915968;6,42;5,59854677565849;116,636391159552;0,799792396522641;0,292682926829268;0,25;10,0571428571429;7;0,239;14;;0,178892215568862;0,107692307692308;0,260518387276102;0,2;5;0,048;0,164;0,03;0,12;;10,4;10,4;8,8;7,9;9,8;10,6;12,5;;;;;P7281078.JPG;P7281075.JPG;;;
28/07/2018;ROC3;1;Broute;Temoin;DUFI;1;0,830095032886249;2,7225587;-30,445110326039;44,4337209;1,00641874177768;1,3202062;6,45;5,26360725720384;89,2136823254888;0,526360725720384;0,295;0,129411764705882;11,0375;10;0,722;56;2;0,540419161676647;0,430769230769231;0,244932574264372;0,2;5;0,059;0,2;0,011;0,085;;8,7;11,9;15,6;8,9;9,9;9,4;14,1;9,8;10;10,8;10,5;P7281068.JPG;P7281071.JPG;;;
28/07/2018;ROC3;1;Broute;Temoin;ERAN;5;1,41596838211394;2,7578031;-31,2792979553649;45,3991714;;;6,55;3,79702444208289;97,3596010790485;0,474628055260361;0,258278145695364;0,0625;11;8;0,081;9;;0,0606287425149701;0,0692307692307692;0,316287407587018;0,2;5;0,039;0,151;0,001;0,016;;12,6;10,8;9,6;;;;;;;;;P7281069.JPG;P7281076.JPG;;;
28/07/2018;ROC3;1;Broute;Temoin;ERSC;4;1,88425807486487;2,9514579;-30,9908599442298;45,8546822;;;6,25;2,15772870662461;119,873817034701;0,431545741324922;0,227848101265823;0,0754716981132075;10,46;5;0,07;9;;0,0523952095808383;0,0692307692307692;0,100406056313261;0,2;5;0,018;0,079;0,004;0,053;;11;10,5;13,2;10,8;6,8;;;;;;;P7281074.JPG;P7281077.JPG;;;
28/07/2018;ROC3;1;Broute;Temoin;HIPA;2;0,436445400333611;1,8773609;-30,8653167811099;42,2066707;;;7,02;1,67311827956989;66,9247311827956;0,185902031063321;0,316455696202532;0,163934426229508;7,6875;9;0,224;42;;0,167664670658683;0,323076923076923;0,0778555745592475;0,2;5;0,025;0,079;0,01;0,061;;8,2;7;6,1;6,6;8,6;5,4;10,8;8,8;;;;P7281073.JPG;P7281072.JPG;;;
28/07/2018;ROC3;6;Non Broute;Exclos;CAAQ;2;2,19529602948345;4,2945882;-30,4325415196286;45,42686;2,15146600816415;1,3014349;5,98;30,4460431654676;140,953903543831;2,53717026378897;0,270676691729323;0,2421875;18,0125;12;0,745;14;;0,279549718574109;0,0790960451977401;0,478924198913028;0,2;5;0,216;0,798;0,062;0,256;;19,4;13,3;17,7;19,4;20,1;16;25,2;13;;;;P7281079.JPG;P7281085.JPG;;;
28/07/2018;ROC3;6;Non Broute;Exclos;DUFI;1;0,571033561910022;3,8107532;-29,3798924307498;44,5769214;;;6,87;11,7987421383648;99,9893401556339;0,907595549104984;0,259340659340659;0,0574712643678161;14,375;13;0,717;58;;0,269043151969981;0,327683615819209;0,18559729079038;0,2;5;0,118;0,455;0,005;0,087;;19,9;15,8;16,5;12;13,5;16,3;11,1;9,9;;;;P7281081.JPG;P7281080.JPG;;;
28/07/2018;ROC3;6;Non Broute;Exclos;ERAN;4;3,14638507893709;3,4143933;-31,2437189704428;45,0719906;;;6,17;10,9151832460733;92,5015529328246;0,992289386006664;0,252676659528908;0,102564102564103;15,8;11;0,433;19;1;0,162476547842401;0,107344632768362;0,171698678994311;0,2;5;0,118;0,467;0,008;0,078;0,01;14,3;12,2;14,5;16;18,5;17,4;20;13,5;14,4;;;P7281082.JPG;P7281087.JPG;;;
28/07/2018;ROC3;6;Non Broute;Exclos;ERSC;3;2,48144619804201;3,2445981;-31,9838138611341;44,9226955;1,88840083031223;1,0459923;7,07;5,98961578400831;86,8060258551929;0,598961578400831;0,254612546125461;0,0902777777777778;13,4375;10;0,667;52;;0,250281425891182;0,293785310734463;0,0942182182940143;0,2;5;0,069;0,271;0,013;0,144;;14;14,8;14,6;14,8;9,5;10,3;16,7;12,8;;;;P7281084.JPG;P7281086.JPG;;;
28/07/2018;ROC3;6;Non Broute;Exclos;HIPA;5;0,349730373996025;3,2270222;-29,5649161534226;44,2448543;;;6,71;4,42215256008359;105,289346668657;0,340165581544892;0,190909090909091;0,0487804878048781;8,25714285714286;13;0,103;34;;0,0386491557223264;0,192090395480226;0,0695616130082664;0,2;5;0,042;0,22;0,002;0,041;;;8,3;10,7;9,7;9,2;6,5;5,7;7,7;;;;P7281083.JPG;P7281088.JPG;;;
28/07/2018;ROC3;6;Broute;Temoin;CAAQ;3;0,842773290325349;4,1414671;-31,3702041141909;45,2482724;0,871827255434837;0,7547852;6,75;11,3764581124072;129,277933095536;1,62520830177246;0,272445820433436;0,270491803278689;14,3;7;0,502;13;;0,249379036264282;0,0760233918128655;0,427314023535035;0,2;5;0,088;0,323;0,033;0,122;;14,7;13,9;15,6;13;;;;;;;;P7281061.JPG;P7281064.JPG;;;
28/07/2018;ROC3;6;Broute;Temoin;DUFI;2;1,58491095770205;3,86728;-30,4377681784612;44,9793572;;;6,53;7,44635193133047;112,823514111068;0,572796302410036;0,226027397260274;0,0571428571428571;11,7714285714286;13;1,039;102;;0,516145057128664;0,596491228070175;0,279694310214572;0,2;5;0,066;0,292;0,004;0,07;;12,4;7,9;13;12,5;15,8;9;11,8;;;;;P7281062.JPG;P7281065.JPG;;;
28/07/2018;ROC3;6;Broute;Temoin;ERAN;4;5,35427037231162;3,7794227;-31,893915329214;45,5232416;;;7,14;2,64724245577523;91,284222612939;0,882414151925077;0,20863309352518;;14,45;3;0,033;3;;0,0163934426229508;0,0175438596491228;0,0994337441295887;0,2;5;0,029;0,139;;;;14,6;17,5;13,6;12,1;;;;;;;;P7281060.JPG;;;;
28/07/2018;ROC3;6;Broute;Temoin;ERSC;5;3,20711479096931;3,5271274;-31,5500011780312;45,0362803;;;7,17;4,32085561497326;110,791169614699;0,540106951871658;0,254901960784314;0,0454545454545455;13,3357142857143;8;0,406;35;;0,201689021361152;0,204678362573099;0,162296751739852;0,2;5;0,039;0,153;0,002;0,044;;15,5;15;14,5;12;15,15;9;12,2;;;;;P7281063.JPG;P7281066.JPG;;;
28/07/2018;ROC3;6;Broute;Temoin;HIPA;1;0,256;3,268;-30,779591666111;45,1032912;;;7,05;0,832271762208068;208,067940552017;0,118895966029724;0,105263157894737;;7,46666666666667;7;0,033;18;;0,0163934426229508;0,105263157894737;0,0312611703809519;0,2;5;0,004;0,038;;;;8,9;8,3;5,7;5,6;6,5;9,8;;;;;;P7281067.JPG;;;;
28/07/2018;ROC3;10;Non Broute;Exclos;CAAQ;3;1,7543;3,22;-29,6549630956369;44,9347006;1,25011090265601;0,4946373;6,31;4,77798165137615;83,8242394978272;0,95559633027523;0,343373493975904;0,386792452830189;16,6333333333333;5;0,019;6;;0,012434554973822;0,0491803278688525;0,429443484898705;0,333333333333333;3;0,057;0,166;0,041;0,106;;20,9;15,7;17,3;15,2;15,9;14,8;;;;;;P7281054.JPG;P7281058.JPG;;;
28/07/2018;ROC3;10;Non Broute;Exclos;DUFI;2;0,742929526475778;2,5736822;-28,642933535358;44,2839505;0,321225720395929;1,0610085;5,8;4,5041095890411;72,6469288555016;0,45041095890411;0,311557788944724;0,184713375796178;16,2375;10;0,869;38;2;0,568717277486911;0,311475409836066;0,404827950255184;0,333333333333333;3;0,062;0,199;0,029;0,157;0,023;14,8;16,3;14,9;14,4;15,1;14;18,4;22;15,5;11,9;;P7281056.JPG;P7281059.JPG;;;
28/07/2018;ROC3;10;Non Broute;Exclos;HIPA;1;1,32243508366452;2,1207015;-30,191069881564;43,1742092;-0,41596855707283;1,0522251;6,79;1,84389348025712;54,2321611840329;0,204877053361902;0,336633663366337;0,203883495145631;9;9;0,64;78;1;0,418848167539267;0,639344262295082;0,165728564846111;0,333333333333333;3;0,034;0,101;0,021;0,103;0,006;7,1;9,4;9,1;6,7;7,6;10,5;11;10,6;17,6;;;P7281055.JPG;P7281057.JPG;;;
28/07/2018;ROC3;10;Broute;Temoin;CAAQ;3;3,47061998215993;3,4453591;-30,4983974209189;44,6959483;2,68779268859094;0,5645917;6,92;8,92021688613478;153,796842864393;1,78404337722696;0,287128712871287;0,365269461077844;11,2;5;0,261;7;;0,210994341147939;0,0514705882352941;0,466292964491107;0,25;4;0,058;0,202;0,061;0,167;;10,2;11,6;10,7;11,1;10,2;13,4;;;;;;P7281047.JPG;P7281053.JPG;;;
28/07/2018;ROC3;10;Broute;Temoin;DUFI;2;0,692492985974448;2,6961183;-30,5161680609496;44,2643321;0,0530623801825357;1,0948576;6,69;6,24555984555985;86,7438867438868;0,624555984555985;0,282352941176471;0,168831168831169;11,6625;10;0,514;46;2;0,41552142279709;0,338235294117647;0,326478677869304;0,25;4;0,072;0,255;0,013;0,077;0,021;12,2;10,6;12,8;13,2;12,4;13,2;9,4;9,5;16,9;;;P7281046.JPG;P7281049.JPG;;;
28/07/2018;ROC3;10;Broute;Temoin;ERAN;4;4,32488579669123;5,0017682;-29,0931868421935;46,2471473;;;5,55;0,998454404945904;90,7685822678095;0,499227202472952;0,261904761904762;0,0833333333333333;11,6;2;0,015;1;;0,0121261115602264;0,00735294117647059;0,0521929309942112;0,25;4;0,011;0,042;0,003;0,036;;11,6;;;;;;;;;;;P7281050.JPG;P7281051.JPG;;;
28/07/2018;ROC3;10;Broute;Temoin;HIPA;1;0,181951678042623;1,9737017;-30,8788981839297;43,5490771;0,0122770812907648;1,3338158;7,11;2,96583850931677;76,0471412645326;0,296583850931677;0,295454545454545;0,197674418604651;6,575;10;0,447;82;;0,361358124494745;0,602941176470588;0,155035426645377;0,25;4;0,039;0,132;0,017;0,086;;8;4,6;7;7,4;6,2;2,9;8,2;8,3;;;;P7281048.JPG;P7281052.JPG;;;
27/07/2018;ROC3;14;Non Broute;Exclos;ARLA;4;2,29817653895115;4,4955317;-28,3822241798125;45,2451784;;;5,86;4,20828905419766;150,296037649916;0,841657810839532;0,233333333333333;;17,575;5;0,097;6;;0,0221259124087591;0,0108108108108108;0,278354540913135;0,25;4;0,028;0,12;;;;15,8;20,5;17,8;16,2;;;;;;;;P7271042.JPG;;;;
27/07/2018;ROC3;14;Non Broute;Exclos;CAAQ;3;1,63343955919235;3,4116682;-29,1845356328424;44,2786683;;;6,08;4,56776947705443;93,2197852460088;1,52258982568481;0,35;;16,3;3;0,204;4;;0,0465328467153285;0,00720720720720721;0,30213213954832;0,25;4;0,049;0,14;;;;15,3;15,2;14;20,7;;;;;;;;P7271040.JPG;;;;
27/07/2018;ROC3;14;Non Broute;Exclos;DUFI;2;1,98962261376716;4,1852089;-28,5383440630696;44,611293;0,458876104155656;2,057978;6,21;3,53813559322034;93,1088314005353;0,221133474576271;0,248366013071895;0,160919540229885;12,8875;16;0,543;75;;0,123859489051095;0,135135135135135;0,234027676344357;0,25;4;0,038;0,153;0,014;0,087;;16,9;12;12,2;11,4;12,9;12,2;14,2;11,3;;;;P7271039.JPG;P7271045.JPG;Caca DUFI;;
27/07/2018;ROC3;14;Non Broute;Exclos;HIPA;1;0,728486100766826;3,0960987;-29,3830456830766;45,9384932;0,0336893632089445;1,404732;5,99;2,80425531914894;48,349229640499;0,186950354609929;0,343195266272189;0,17741935483871;9,7125;15;3,54;470;;0,807481751824817;0,846846846846847;0,185485643194189;0,25;4;0,058;0,169;0,022;0,124;;9,3;9,8;10;9,7;7,2;10,1;9,1;12,5;;;;P7271041.JPG;P7271043.JPG;Les poids et photo racinaires sont peut-être inversés avec DUFI;;
27/07/2018;ROC3;14;Broute;Temoin;CAAQ;7;;;;;;;;;;;;;13,8;2;0,03;1;;0,00684884596945415;0,00131233595800525;0;0,142857142857143;7;;0,059;;0,099;;13,8;;;;;;;;;;;P7271026.JPG;P7271033.JPG;;;
27/07/2018;ROC3;14;Broute;Temoin;CAPR;4;1,63447497504867;2,6212495;-29,9031006584297;42,4688341;;;6,66;1,45;76,3157894736842;0,29;0,191919191919192;;4,175;5;0,024;11;;0,00547907677556332;0,0144356955380577;0,143144452901592;0,142857142857143;7;0,019;0,099;;;;4,8;5,7;3,4;2,8;;;;;;;;;;;;
27/07/2018;ROC3;14;Broute;Temoin;DUFI;2;0,872408904795599;3,0290648;-28,9498388547009;44,7747573;;;6,07;3,83647798742138;76,7295597484276;0,319706498951782;0,282485875706215;0,0540540540540541;10,8625;12;0,715;165;;0,163230828938657;0,216535433070866;0,378738305226505;0,142857142857143;7;0,05;0,177;0,002;0,037;;15,4;12,2;10,4;12,3;11,5;9,3;9,6;6,2;;;;P7271029.JPG;P7271035.JPG;;;
27/07/2018;ROC3;14;Broute;Temoin;HIPA;1;0,42826566770914;2,6771968;-30,319567162919;43,9546034;0,490484710796779;1,3814626;6,98;2,00314960629921;111,286089238845;0,200314960629921;0,28125;0,195402298850575;8,3;10;2,464;504;;0,562518548957834;0,661417322834646;0,197751554809475;0,142857142857143;7;0,018;0,064;0,017;0,087;;8,5;9;6,4;4,3;8,8;8,2;11;10,2;;;;P7271025.JPG;P7271036.JPG;;;
27/07/2018;ROC3;14;Broute;Temoin;LUCO;6;;;;;1,54784358456594;1,7296404;;;;;;0,246875;11,16;7;0,105;5;2;0,0239709608930895;0,00656167979002625;0;0,142857142857143;7;;0,129;0,0158;0,064;0,019;11,2;7;12,3;13,6;11,7;;;;10,9;11,8;;;P7271037.JPG;;;
27/07/2018;ROC3;14;Broute;Temoin;PEAL;5;;;;;;;;;;;;;4,7;3;0,0573;1;;0,0130812958016574;0,00131233595800525;0;0,142857142857143;7;;0,068;;;;4,7;;;;;;;;;;;P7271032.JPG;;;;
27/07/2018;ROC3;14;Broute;Temoin;STLO;3;2,50733054192821;3,4366167;-29,6270476198228;43,6081844;;;;2,84;167,058823529412;0,1136;0,193181818181818;0,105263157894737;4,025;25;0,985;75;3;0,224870442663744;0,0984251968503937;0,280365687062428;0,142857142857143;7;0,017;0,088;0,002;0,019;;3;3,7;4,3;4,3;4,6;3,8;5,4;3,1;3,7;5,7;;P7271030.JPG;P7271034.JPG;;;
04/08/2018;ROC6;1;Non Broute;Exclos;CAPR;4;;;;;;;;;;;;;;;;1;;0;0,0217391304347826;0;0,25;4;;;;;;;;;;;;;;;;;;;;;
04/08/2018;ROC6;1;Non Broute;Exclos;DUFI;1;1,11638567474271;2,3512529;-31,0084982398748;43,6697889;1,18383479195688;1,4323034;7,29;5,81167608286252;89,410401274808;0,726459510357815;0,342105263157895;0,179775280898876;12,225;8;0,509;38;;0,877586206896552;0,826086956521739;0,861562776200461;0,25;4;0,065;0,19;0,016;0,089;0,018;11;13,6;17;13,3;10,2;10,2;9,9;12,6;;;;P8041252.JPG;P8041251;;;
04/08/2018;ROC6;1;Non Broute;Exclos;ERSC;3;3,23212164135369;2,2185286;-29,7035567016839;45,8728755;;;;0,933828996282528;84,8935451165935;0,466914498141264;0,458333333333333;;8,225;2;0,066;6;1;0,113793103448276;0,130434782608696;0,138437223799539;0,25;4;0,011;0,024;;;;10,6;6,6;6,8;8,9;;;;;14,9;;;P8041253.JPG;;;;
04/08/2018;ROC6;1;Non Broute;Exclos;STLO;2;;;;;;;;;;;;;;;0,005;1;;0,00862068965517241;0,0217391304347826;0;0,25;4;;;;;;;;;;;;;;;;;;;;;
04/08/2018;ROC6;1;Broute;Temoin;CEAL;4;-2,5735;0,7639;-28,6304409682142;41,1691661;;;;0,438271604938272;219,135802469136;;;;5,2;;0,0604412986468999;5;;0,075604423675885;0,0574712643678161;0,137626079289208;0,333333333333333;3;0,002;;0,002;;;5,2;;;;;;;;;;;P8041254.JPG;P8041255.JPG;;;
04/08/2018;ROC6;1;Broute;Temoin;DUFI;1;1,00289188457819;3,1490532;-30,8507911258728;44,8365674;;;7,21;4,46992481203007;99,3316624895571;0,446992481203007;0,3515625;0,317073170731707;7,825;10;0,7;75;;0,875611506666956;0,862068965517241;0,655650478347067;0,333333333333333;3;0,045;0,128;0,013;0,041;;8,2;9,4;7,8;8,4;11,2;5,2;6,7;5,7;;;;P8041246.JPG;P8041247.JPG;;;
04/08/2018;ROC6;1;Broute;Temoin;ERSC;2;3,41386807564084;2,8056513;-30,1608225021144;45,2266893;;;;1,40934579439252;100,667556742323;0,35233644859813;0,274509803921569;0,111111111111111;6,7;4;0,039;7;;0,048784069657159;0,0804597701149425;0,206723442363725;0,333333333333333;3;0,014;0,051;0,003;0,027;;9,2;5,5;7;5,1;;;;;;;;P8041250.JPG;P8041249.JPG;;;
04/08/2018;ROC6;6;Non Broute;Exclos;CAAQ;7;1,24935356579525;3,1607441;-30,9306822296764;44,7735667;;;;1,81716417910448;79,0071382219339;0,45429104477612;0,333333333333333;;14,4;4;0,066;4;;0,0421455938697318;0,0218579234972678;0,11659630804122;0,142857142857143;7;0,023;0,069;;;;13,2;13,3;16,7;;;;;;;;;P8041239.JPG;;;;
04/08/2018;ROC6;6;Non Broute;Exclos;DUFI;1;-0,920446992915008;3,0725423;-28,9722130418097;45,1082274;0,505779197881193;1,991133;6,56;4,7221702525725;96,3708214810714;0,524685583619167;0,345070422535211;0,236559139784946;11,425;9;0,946;112;;0,604086845466156;0,612021857923497;0,302992775074052;0,142857142857143;7;0,049;0,142;0,022;0,093;;9,9;12,1;11,7;11,4;11,3;11,9;11,2;11,9;;;;P8041244.JPG;P8041245.JPG;;;
04/08/2018;ROC6;6;Non Broute;Exclos;ERAN;4;3,22975976833725;3,4276389;-29,3504984492493;44,6000218;2,48896435649355;2,0529132;5,63;5,07063197026022;97,512153274235;1,01412639405204;0,339869281045752;0,265625;14,9333333333333;5;0,303;13;;0,193486590038314;0,0710382513661202;0,325351431624344;0,142857142857143;7;0,052;0,153;0,017;0,064;;19,9;12,7;19,5;6,1;14,6;16,8;;;;;;P8041237.JPG;P8041238.JPG;;;
04/08/2018;ROC6;6;Non Broute;Exclos;ERSC;5;0,883945976448883;2,3436652;-27,1093973555378;45,1962822;;;6,3;1,79143389199255;68,901303538175;0,447858472998137;0,448275862068966;0,588235294117647;10,72;4;0,087;8;;0,0555555555555556;0,0437158469945355;0,114945352934032;0,142857142857143;7;0,026;0,058;0,01;0,017;;10,8;12,3;11,3;10;9,2;;;;;;;P8041242.JPG;P8041241.JPG;;;
04/08/2018;ROC6;6;Non Broute;Exclos;SAFO;6;;;;;;;;;;;;;;;0,014;1;;0,00893997445721584;0,00546448087431694;0;0,142857142857143;7;;;;;;;;;;;;;;;;;;;;;
04/08/2018;ROC6;6;Non Broute;Exclos;SAHI;2;;;;;;;;0,550046772684752;55,0046772684752;0,039289055191768;0,526315789473684;;2,2625;14;0,064;27;;0,0408684546615581;0,147540983606557;0,0352931362407969;0,142857142857143;7;0,01;0,019;;;;1,7;1,9;2,5;2,4;2,6;3;2,3;1,7;;;;P8041248.JPG;;;;
04/08/2018;ROC6;6;Non Broute;Exclos;STLO;3;-1,945;3,53468;-30,3652568691312;43,9107471;;;;1,63364485981308;116,688918558077;0,116688918558077;0,291666666666667;0,2;3,8125;14;0,086;18;;0,0549169859514687;0,0983606557377049;0,104820996085555;0,142857142857143;7;0,014;0,048;0,007;0,035;;6,2;3,1;2,9;4,9;4,1;1,8;3,8;3,7;;;;P8041240.JPG;P8041243.JPG;;;
04/08/2018;ROC6;6;Broute;Temoin;CAPR;2;-2,24;2,43;-28,4725444574164;42,1376809;;;6,52;2,46327683615819;87,9741727199353;0,410546139359698;0,205882352941176;0,216216216216216;3,24;6;0,063;16;;0,0318711130841452;0,0784313725490196;0,120465146923618;0,2;5;0,028;0,136;0,008;0,037;;3,9;4,7;3,4;2,4;1,8;;;;;;;P8041261.JPG;P8041257.JPG;;;
04/08/2018;ROC6;6;Broute;Temoin;DUFI;1;-1,29511843663917;3,8236955;-30,7189624236532;45,55373;-0,973707519417797;2,236524;6,47;4,49527410207939;99,8949800462087;0,408661282007217;0,343511450381679;0,213114754098361;9,925;11;1,343;159;;0,679411188444555;0,779411764705882;0,219838812763534;0,2;5;0,045;0,131;0,013;0,061;;8,5;10,3;11;12,6;7,8;10,2;9,6;9,4;;;;P8041260.JPG;P8041259.JPG;;;
04/08/2018;ROC6;6;Broute;Temoin;ERAN;3;3,91219704083483;3,9142298;-32,9758337075551;44,8595945;;;6,77;6,29962546816479;92,6415510024234;0,787453183520599;0,307692307692308;0,173913043478261;12,7;8;0,331;20;;0,167449816362731;0,0980392156862745;0,3080795858779;0,2;5;0,068;0,221;0,008;0,046;;14,6;10,1;10,5;13,2;14,8;15,3;13,3;9,8;;;;P8041256.JPG;P8041258.JPG;;;
04/08/2018;ROC6;6;Broute;Temoin;ERSC;4;3,68162999854304;4,1161597;-30,5308027056808;44,9875649;;;6,8;4,54390934844193;94,6647780925402;0,757318224740322;0,317880794701987;;10,725;6;0,142;8;;0,0718364771102955;0,0392156862745098;0,222217291711871;0,2;5;0,048;0,151;;;;12,8;8,3;14,8;11,3;7,1;14,3;5,4;11,8;;;;P8041262.JPG;;;;
04/08/2018;ROC6;6;Broute;Temoin;SAFO;5;0,296205882035431;2,098602;-28,7077441048818;41,5914383;-0,906411776246375;1,3099924;;2,64596;132,298;0,529192;0,21505376344086;0,206896551724138;1,66666666666667;5;0,0977116333109946;1;1;0,0494314049982736;0,00490196078431373;0,129399162723076;0,2;5;0,02;0,093;0,012;0,058;0,012;1,2;2,5;1,3;;;;;;6,5;16,5;;;P8041263.JPG;**** le poids ne doit pas être ajouté à la biomasse ;;
03/08/2018;ROC6;10;Non Broute;Exclos;CAPR;5;0,101076362730324;1,9647164;-26,3154450630513;39,8018873;;;;1,20623281393217;86,1594867094407;0,603116406966085;0,155555555555556;;8,3;2;0,019;1;;0,00930004894762604;0,00277777777777778;0,0645438778425331;0,166666666666667;6;0,014;0,09;;;;8,3;;;;;;;;;;;P8031226.JPG;;;;
03/08/2018;ROC6;10;Non Broute;Exclos;DUFI;2;1,52057923085324;1,8353036;-29,5401994728453;43,9357397;1,56313807165035;1,3326968;6,11;5,08957952468007;86,2640597403402;0,508957952468007;0,343023255813953;0,156862745098039;11,325;10;0,508;39;;0,248653940283896;0,108333333333333;0,272336480417851;0,166666666666667;6;0,059;0,172;0,016;0,102;;16,7;9,6;11,1;11,9;17;8,3;7,3;8,7;;;;P8031219.JPG;P8031218.JPG;;;
03/08/2018;ROC6;10;Non Broute;Exclos;ERAN;3;4,2395812695551;2,5966247;-29,7294043644748;45,2497194;;;6,05;3,46983546617916;102,053984299387;0,86745886654479;0,330097087378641;0,115;14;4;0,121;5;;0,0592266275085658;0,0138888888888889;0,185666178100963;0,166666666666667;6;0,034;0,103;0,0046;0,04;;18;15;10,9;9,8;14,9;15,4;;;;;;P8031223.JPG;P8031222.JPG;;;
03/08/2018;ROC6;10;Non Broute;Exclos;ERSC;4;3,99315229575044;2,0469658;-29,6363527784275;44,347234;;;;1,65504587155963;97,3556395035076;0,331009174311926;0,283333333333333;0,107692307692308;8,74;5;0,062;5;;0,030347528144885;0,0138888888888889;0,0885592543362366;0,166666666666667;6;0,017;0,06;0,007;0,065;;12,1;12;6,9;7,5;5,2;;;;;;;P8031224.JPG;P8031225.JPG;;;
03/08/2018;ROC6;10;Non Broute;Exclos;FEBR;6;-1,35994768143487;1,385022;-31,9926257184469;42,6370857;-1,38156050833551;0,7879811;6,12;2,91280439905734;108,282691414771;0,132400199957152;0,363513513513513;0,171428571428571;6,9375;22;0,787;238;63;0,385217816935879;0,661111111111111;0,155860203055728;0,166666666666667;6;0,0269;0,074;0,012;0,07;0,965;5,8;8;7,6;7,7;7,2;5,9;7,2;6,1;12,2;9;;P8031227.JPG;P8031228.JPG;;;
03/08/2018;ROC6;10;Non Broute;Exclos;HIPA;1;1,79068067766487;2,1577069;-30,1377974365711;42,7822163;;;5,88;4,35507246376812;72,9492875003035;0,395915678524375;0,438970588235294;0,170212765957447;9,375;11;0,546;72;;0,267254038179148;0,2;0,233034006246688;0,166666666666667;6;0,0597;0,136;0,008;0,047;;7,3;7,7;13,1;9,3;11;7,3;8,4;10,9;;;;P8031220.JPG;P8031221.JPG;;;
04/08/2018;ROC6;10;Broute;Temoin;CAPR;6;;;;;;;;;;;;;;;0,002;1;;0,0013869625520111;0,00833333333333333;0;0,166666666666667;6;;;;;;;;;;;;;;;;;;;;;
04/08/2018;ROC6;10;Broute;Temoin;DUFI;1;0,958348420870335;2,0275614;-30,8966848161123;43,8463661;1,45097849969798;1,8563627;6,03;4,85350318471338;83,68108939161;0,404458598726115;0,310160427807487;0,12;10,325;12;1,137;89;1;0,788488210818308;0,741666666666667;0,410848887052903;0,166666666666667;6;0,058;0,187;0,015;0,125;0,015;11,3;6,7;11,3;9,8;10,2;9,3;11,4;12,6;12;;;P8041234.JPG;P8041232.JPG;;;
04/08/2018;ROC6;10;Broute;Temoin;ERAN;4;;;;;;;6,25;4,91295116772824;89,3263848677862;0,70185016681832;0,270935960591133;0,075;12,15;7;0,17;8;;0,117891816920943;0,0666666666666667;0,415881156885572;0,166666666666667;6;0,055;0,203;0,006;0,08;;15,2;10,5;14,2;12,4;14,8;10,9;10,4;8,8;;;;P8041229.JPG;P8041235.JPG;;;
04/08/2018;ROC6;10;Broute;Temoin;ERSC;5;;;;;;;;;;;;;6,9;;0,04;4;;0,0277392510402219;0,0333333333333333;0;0,166666666666667;6;;;;;;10;3,8;;;;;;;;;;;;;;
04/08/2018;ROC6;10;Broute;Temoin;HIPA;3;;;;;;;;1,04477611940298;116,08623548922;0,149253731343283;0,290322580645161;0,111111111111111;6,6125;7;0,05;9;;0,0346740638002774;0,075;0,0884402645965328;0,166666666666667;6;0,009;0,031;0,003;0,027;;4,5;5;8,6;8,7;5;7,8;6,1;7,2;;;;P8041230.JPG;P8041233.JPG;;;
04/08/2018;ROC6;10;Broute;Temoin;POAR;2;;;;;;;;1,00212314225053;91,1021038409573;0,167020523708422;0,261904761904762;0,142857142857143;6,05;6;0,043;9;;0,0298196948682386;0,075;0,0848296914649913;0,166666666666667;6;0,011;0,042;0,008;0,056;;5,3;6,8;;;;;;;;;;P8041231.JPG;P8041236.JPG;;;
02/08/2018;ROC6;14;Non Broute;Exclos;Gram_feuilles_courte;4;0,56;3,2784;-29,9372195733137;43,373788;;;;1,7210401891253;245,862884160757;0,286840031520883;0,189189189189189;;6,52857142857143;6;0,103;15;;0,0212458745874587;0,0252525252525252;0,214225757932766;0,2;5;0,007;0,037;;;;6;9,3;5,2;5,4;7,3;8,2;4,3;;;;;P8021198.JPG;;;;
02/08/2018;ROC6;14;Non Broute;Exclos;Gram_inconnue;5;;;;;;;;;;;;;12,06;;0,06;3;;0,0123762376237624;0,00505050505050505;0;0,2;5;;;;;;13;12,2;6,7;14,6;13,8;;;;;;;;;;;
02/08/2018;ROC6;14;Non Broute;Exclos;HIPA;3;;;;;;;;0,832678711704635;166,535742340927;0,208169677926159;0,25;0,136363636363636;9,12;4;0,017;6;;0,00350660066006601;0,0101010101010101;0,103647334476288;0,2;5;0,005;0,02;0,003;0,022;;9,4;10,9;7,2;8,4;9,7;;;;;;;P8021201.JPG;P8021202.JPG;;;
02/08/2018;ROC6;14;Non Broute;Exclos;POAR;2;;;;;-0,118235875162902;1,2728978;6,05023547880691;4,258866;99,0433953488372;0,387169636363636;0,316176470588235;0,317073170731707;13,5;11;4,051;419;10;0,835602310231023;0,705387205387205;0,530120564614929;0,2;5;0,043;0,136;0,013;0,041;0,079;14,2;10,5;15,9;11,7;10,4;12,7;15,4;17,2;10,7;13,6;10,7;P8021196.JPG;P8021197.JPG;;;
02/08/2018;ROC6;14;Non Broute;Exclos;STLO;1;;;;;;;;1,22118380062305;244,23676012461;0,08141225337487;0,192307692307692;0,363636363636364;4,775;15;0,617;151;;0,12726897689769;0,254208754208754;0,152006342976017;0,2;5;0,005;0,026;0,004;0,011;;7,1;3,1;1,3;4,2;4,4;3,3;5,3;9,5;;;;P8021199.JPG;;;;
03/08/2018;ROC6;14;Broute;Temoin;CAPR;3;1,03807544180714;2,1606828;-28,6562094053962;39,6967186;;;5,49;3,21421889616464;86,8707809774227;0,45917412802352;0,2;0,03125;5,0875;7;0,308;40;;0,117411108335357;0,123076923076923;0,129217726815345;0,125;8;0,037;0,185;0,001;0,032;;5,7;4,3;5,7;5;5,5;6;4,3;4,2;;;;P8031205.JPG;P8031208.JPG;;;
03/08/2018;ROC6;14;Broute;Temoin;DUFI;1;-0,669325305268023;3,8383008;-30,7188528961108;45,3174865;0,844297178682891;1,5314136;5,96;3,92373689227836;115,404026243481;0,392373689227836;0,295652173913043;0,142857142857143;9,4875;10;1,736;204;;0,66177170152656;0,627692307692308;0,157741702796505;0,125;8;0,034;0,115;0,011;0,077;;9,5;8,3;8,7;9,7;9,9;11,7;6,8;11,3;;;;P8031206.JPG;P8031207.JPG;;;
03/08/2018;ROC6;14;Broute;Temoin;ERAN;6;4,60611848269313;3,8572303;-30,5741059844817;44,8523859;;;6,03;7,94881170018282;111,955094368772;1,58976234003656;0,29957805907173;;16,2;5;0,043;3;;0,0163918105792869;0,00923076923076923;0,319557382979254;0,125;8;0,071;0,237;;;;19,2;13,2;;;;;;;;;;P8031210.JPG;;;;
03/08/2018;ROC6;14;Broute;Temoin;ERSC;8;3,93827525536537;3,5889477;-30,1843232295948;44,6766115;;;6,6;1,72257479601088;114,838319734059;0,344514959202176;0,326086956521739;;13,4;5;0,0855063484206924;6;;0,0325954387590349;0,0184615384615385;0,0692507905032645;0,125;8;0,015;0,046;;;;13,4;;;;;;;;;;;P8031209.JPG;;;;
03/08/2018;ROC6;14;Broute;Temoin;HIPA;4;-0,658616304767364;3,148488;-31,1872125458821;44,7931955;;;7,12;1,95289855072464;150,222965440357;0,390579710144928;0,302325581395349;0,115384615384615;5,34;5;0,06;9;;0,0228722938315631;0,0276923076923077;0,0785102445034885;0,125;8;0,013;0,043;0,003;0,026;;6,1;4,6;7,2;4;4,8;;;;;;;P8031216.JPG;P8031217.JPG;;;
03/08/2018;ROC6;14;Broute;Temoin;POA_sp;2;0,287398945973607;4,1413174;-31,1468901919283;45,2379438;;;5,95;4,27762557077626;129,62501729625;0,611089367253751;0,253846153846154;0,106060606060606;7,375;7;0,171;23;;0,065186037419955;0,0707692307692308;0,171968702281746;0,125;8;0,033;0,13;0,007;0,066;;5,4;6,5;7,9;9,7;;;;;;;;P8031213.JPG;P8031214.JPG;;;
03/08/2018;ROC6;14;Broute;Temoin;REHY;7;;;;;;;;0,657039711191336;164,259927797834;0,219013237063779;0,153846153846154;;;3;0,0637548094611474;3;;0,0243036455861781;0,00923076923076923;0,0264142488891665;0,125;8;0,004;0,026;;;;;;;;;;;;;;;P8031215.JPG;;Inversion des feuilles REHY/ERSC?;;
03/08/2018;ROC6;14;Broute;Temoin;STLO;5;2,50733054192821;3,4366167;-29,6270476198228;43,6081844;;;;1,17753623188406;235,507246376812;0,0654186795491145;0,138888888888889;0,00714285714285714;2,025;18;0,156;37;;0,0594679639620642;0,113846153846154;0,0473392012312315;0,125;8;0,005;0,036;0,0001;0,014;;3,2;2,6;2,2;2,5;0,8;1,7;1,3;1,9;;;;P8031211.JPG;P8031212.JPG;;;
02/08/2018;ROC7;1;Non Broute;Exclos;CAAQ;1;;;;;;;;;;;;;;;0,391;9;;0,48692403486924;0,132352941176471;;0,2;5;;;;;;;;;;;;;;;;;;;;;
02/08/2018;ROC7;1;Non Broute;Exclos;DUFI;2;;;;;;;;;;;;;;;0,227;34;;0,282689912826899;0,5;;0,2;5;;;;;;;;;;;;;;;;;;;;;
02/08/2018;ROC7;1;Non Broute;Exclos;ERSC;3;;;;;;;;;;;;;;;0,142;22;;0,176836861768369;0,323529411764706;;0,2;5;;;;;;;;;;;;;;;;;;;;;
02/08/2018;ROC7;1;Non Broute;Exclos;HIPA;4;;;;;;;;;;;;;;;0,016;2;;0,0199252801992528;0,0294117647058823;;0,2;5;;;;;;;;;;;;;;;;;;;;;
02/08/2018;ROC7;1;Non Broute;Exclos;POAR;5;;;;;;;;;;;;;;;0,027;1;;0,0336239103362391;0,0147058823529412;;0,2;5;;;;;;;;;;;;;;;;;;;;;
02/08/2018;ROC7;1;Broute;Temoin;CAPR;4;;;;;;;;;;;;;;;0,01;2;;0,0128865979381443;0,0212765957446808;;0,25;4;;;;;;;;;;;;;;;;;;;;;
02/08/2018;ROC7;1;Broute;Temoin;DUFI;1;;;;;;;;;;;;;;;0,495;79;;0,637886597938144;0,840425531914894;;0,25;4;;;;;;;;;;;;;;;;;;;;;
02/08/2018;ROC7;1;Broute;Temoin;ERSC;2;;;;;;;;;;;;;;;0,069;8;;0,0889175257731959;0,0851063829787234;;0,25;4;;;;;;;;;;;;;;;;;;;;;
02/08/2018;ROC7;1;Broute;Temoin;PEAL;3;;;;;;;;;;;;;;;0,202;5;;0,260309278350515;0,0531914893617021;;0,25;4;;;;;;;;;;;;;;;;;;;;;
02/08/2018;ROC7;4;Non Broute;Exclos;CAAQ;3;;;;;;;;;;;;;;;0,412;;;0,364601769911504;;;0,166666666666667;6;;;;;;;;;;;;;;;;;;;;;
02/08/2018;ROC7;4;Non Broute;Exclos;DUFI;1;;;;;;;;;;;;;;;0,437;;;0,386725663716814;;;0,166666666666667;6;;;;;;;;;;;;;;;;;;;;;
02/08/2018;ROC7;4;Non Broute;Exclos;ERAN;2;;;;;;;;;;;;;;;0,043;;;0,0380530973451327;;;0,166666666666667;6;;;;;;;;;;;;;;;;;;;;;
02/08/2018;ROC7;4;Non Broute;Exclos;ERSC;4;;;;;;;;;;;;;;;0,163;;;0,144247787610619;;;0,166666666666667;6;;;;;;;;;;;;;;;;;;;;;
02/08/2018;ROC7;4;Non Broute;Exclos;LUCO;5;;;;;;;;;;;;;;;0,012;;;0,0106194690265487;;;0,166666666666667;6;;;;;;;;;;;;;;;;;;;;;
02/08/2018;ROC7;4;Non Broute;Exclos;SAXI à vérif;7;;;;;;;;;;;;;;;0,063;;;0,0557522123893805;;;0,166666666666667;6;;;;;;;;;;;;;;;;;;;;;
02/08/2018;ROC7;4;Broute;Temoin;CAAQ;1;;;;;;;;;;;;;;;0,658;16;;0,332827516439049;0,115942028985507;;0,166666666666667;6;;;;;;;;;;;;;;;;;;;;;
02/08/2018;ROC7;4;Broute;Temoin;DUFI;2;;;;;;;;;;;;;;;0,455;77;;0,230146686899342;0,557971014492754;;0,166666666666667;6;;;;;;;;;;;;;;;;;;;;;
02/08/2018;ROC7;4;Broute;Temoin;ERAN;4;;;;;;;;;;;;;;;0,026;1;;0,013151239251391;0,0072463768115942;;0,166666666666667;6;;;;;;;;;;;;;;;;;;;;;
02/08/2018;ROC7;4;Broute;Temoin;ERSC;3;;;;;;;;;;;;;;;0,255;36;;0,128983308042489;0,260869565217391;;0,166666666666667;6;;;;;;;;;;;;;;;;;;;;;
02/08/2018;ROC7;4;Broute;Temoin;HIPA;6;;;;;;;;;;;;;;;0,04;6;;0,0202326757713708;0,0434782608695652;;0,166666666666667;6;;;;;;;;;;;;;;;;;;;;;
02/08/2018;ROC7;4;Broute;Temoin;SAAR;5;;;;;;;;;;;;;;;0,543;2;;0,274658573596358;0,0144927536231884;;0,166666666666667;6;;;;;;;;;;;;;;;;;;;;;
02/08/2018;ROC7;6;Non Broute;Exclos;CAAQ;6;;;;;;;;;;;;;;;0,037;1;;0,0111924496339766;0,00231481481481481;;0,166666666666667;6;;;;;;;;;;;;;;;;;;;;;
02/08/2018;ROC7;6;Non Broute;Exclos;DUFI;3;;;;;;;;;;;;;;;0,138;18;;0,0417448121483453;0,0416666666666667;;0,166666666666667;6;;;;;;;;;;;;;;;;;;;;;
02/08/2018;ROC7;6;Non Broute;Exclos;ERSC;2;;;;;;;;;;;;;;;1,772;222;;0,536027587875855;0,513888888888889;;0,166666666666667;6;;;;;;;;;;;;;;;;;;;;;
02/08/2018;ROC7;6;Non Broute;Exclos;HIPA;1;;;;;;;;;;;;;;;1,247;184;;0,377215802528889;0,425925925925926;;0,166666666666667;6;;;;;;;;;;;;;;;;;;;;;
02/08/2018;ROC7;6;Non Broute;Exclos;POA_sp;4;;;;;;;;;;;;;;;0,0378;1;;0,0114344485449815;0,00231481481481481;;0,166666666666667;6;;;;;;;;;;;;;;;;;;;;;
02/08/2018;ROC7;6;Non Broute;Exclos;STLO;5;;;;;;;;;;;;;;;0,074;6;;0,0223848992679533;0,0138888888888889;;0,166666666666667;6;;;;;;;;;;;;;;;;;;;;;
02/08/2018;ROC7;6;Broute;Temoin;CAAQ;4;;;;;;;;;;;;;;;0,061;2;;0,0295399515738499;0,0138888888888889;;0,2;5;;;;;;;;;;;;;;;;;;;;;
02/08/2018;ROC7;6;Broute;Temoin;DUFI;5;;;;;;;;;;;;;;;0,202;39;;0,0978208232445521;0,270833333333333;;0,2;5;;;;;;;;;;;;;;;;;;;;;
02/08/2018;ROC7;6;Broute;Temoin;ERSC;3;;;;;;;;;;;;;;;0,124;12;;0,0600484261501211;0,0833333333333333;;0,2;5;;;;;;;;;;;;;;;;;;;;;
02/08/2018;ROC7;6;Broute;Temoin;HIPA;1;;;;;;;;;;;;;;;0,469;89;;0,227118644067797;0,618055555555556;;0,2;5;;;;;;;;;;;;;;;;;;;;;
02/08/2018;ROC7;6;Broute;Temoin;PEAL;2;;;;;;;;;;;;;;;1,209;2;;0,585472154963681;0,0138888888888889;;0,2;5;;;;;;;;;;;;;;;;;;;;;
06/08/2018;ROC7;10;Non Broute;Exclos;CAAQ;6;;;;;;;;;;;;;;;0,181;6;;0,188169248362616;0,0540540540540541;;0,166666666666667;6;;;;;;;;;;;;;;;;;;;;;
06/08/2018;ROC7;10;Non Broute;Exclos;DUFI;1;;;;;;;;;;;;;;;0,34;39;;0,353467096371764;0,351351351351351;;0,166666666666667;6;;;;;;;;;;;;;;;;;;;;;
06/08/2018;ROC7;10;Non Broute;Exclos;ERSC;4;;;;;;;;;;;;;;;0,078;9;;0,0810895103441106;0,0810810810810811;;0,166666666666667;6;;;;;;;;;;;;;;;;;;;;;
06/08/2018;ROC7;10;Non Broute;Exclos;HIPA;3;;;;;;;;;;;;;;;0,183;23;1;0,190248466576567;0,207207207207207;;0,166666666666667;6;;;;;0,003;;;;;;;;;;;;;;;;
06/08/2018;ROC7;10;Non Broute;Exclos;POAR;2;1,38324945161606;1,8961695;-30,6671453418048;42,5768914;;;6,62;2,85357390700902;124,068430739523;0,47559565116817;0,353846153846154;;8,475;6;0,0229;20;5;0,0238070485497453;0,18018018018018;;0,166666666666667;6;0,023;0,065;;;0,035;11,6;8,8;8,8;8,7;7,6;8,7;7,1;6,5;14,8;11,9;13,9;P8061351.JPG;;;;
06/08/2018;ROC7;10;Non Broute;Exclos;STLO;5;;;;;;;;;;;;;;;0,157;14;4;0,163218629795197;0,126126126126126;;0,166666666666667;6;;;;;;;;;;;;;;;;;;;;;
02/08/2018;ROC7;10;Broute;Temoin;CAAQ;6;;;;;;;;;;;;;;;0,109;3;;0,0685534591194969;0,0130434782608696;;0,142857142857143;7;;;;;;;;;;;;;;;;;;;;;
02/08/2018;ROC7;10;Broute;Temoin;DUFI;4;;;;;;;;;;;;;;;0,271;64;;0,170440251572327;0,278260869565217;;0,142857142857143;7;;;;;;;;;;;;;;;;;;;;;
02/08/2018;ROC7;10;Broute;Temoin;ERSC;7;;;;;;;;;;;;;;;0,167;22;;0,105031446540881;0,0956521739130435;;0,142857142857143;7;;;;;;;;;;;;;;;;;;;;;
02/08/2018;ROC7;10;Broute;Temoin;HIPA;1;;;;;;;;;;;;;;;0,306;76;1;0,192452830188679;0,330434782608696;;0,142857142857143;7;;;;;;;;;;;;;;;;;;;;;
02/08/2018;ROC7;10;Broute;Temoin;POAR;5;;;;;;;;;;;;;;;0,389;53;2;0,244654088050314;0,230434782608696;;0,142857142857143;7;;;;;0,011;;;;;;;;;;;;;;;;
02/08/2018;ROC7;10;Broute;Temoin;SAFO;2;-2,33137162647156;1,2477136;-27,5908190719647;40,5146967;;;;2,99527559055118;110,936132983377;0,427896512935883;0,247706422018349;0,428571428571429;2,11666666666667;7;0,313;7;6;0,19685534591195;0,0304347826086957;;0,142857142857143;7;0,027;0,109;0,003;0,007;;2,1;2,3;2,2;2,6;2,2;1,3;;;11,7;9,6;;P8021203.JPG;P8021204.JPG;;;
02/08/2018;ROC7;10;Broute;Temoin;STLO;3;;;;;;;;;;;;;;;0,035;5;;0,0220125786163522;0,0217391304347826;;0,142857142857143;7;;;;;;;;;;;;;;;;;;;;;
06/08/2018;ROC7;14;Non Broute;Exclos;CAAQ;5;;;;;;;;;;;;;;;0,103;2;;0,018191451783822;0,00310077519379845;;0,142857142857143;7;;;;;;;;;;;;;;;;;;;;;
06/08/2018;ROC7;14;Non Broute;Exclos;DUFI;3;;;;;;;;;;;;;;;0,535;43;;0,0944895796538326;0,0666666666666667;;0,142857142857143;7;;;;;;;;;;;;;;;;;;;;;
06/08/2018;ROC7;14;Non Broute;Exclos;ERSC;4;;;;;;;;;;;;;;;0,347;46;;0,0612857647474391;0,0713178294573643;;0,142857142857143;7;;;;;;;;;;;;;;;;;;;;;
06/08/2018;ROC7;14;Non Broute;Exclos;HIPA;2;;;;;;;;;;;;;;;0,553;79;;0,097668668315083;0,122480620155039;;0,142857142857143;7;;;;;0,004;;;;;;;;;;;;;;;;
06/08/2018;ROC7;14;Non Broute;Exclos;POAR;1;;;;;;;;;;;;;;;4,052;459;12;0,715648180854822;0,711627906976744;;0,142857142857143;7;;;;;0,121;;;;;;;;;;;;;;;;
06/08/2018;ROC7;14;Non Broute;Exclos;SAFO;6;;;;;;;;;;;;;;;0,005;1;;0,000883080183680678;0,00155038759689923;;0,142857142857143;7;;;;;;;;;;;;;;;;;;;;;
06/08/2018;ROC7;14;Non Broute;Exclos;STLO;7;;;;;;;;;;;;;;;0,067;15;;0,0118332744613211;0,0232558139534884;;0,142857142857143;7;;;;;;;;;;;;;;;;;;;;;
06/08/2018;ROC7;14;Broute;Temoin;DUFI;2;;;;;;;;;;;;;;;0,374;47;;0,106159523133693;0,0813148788927336;;0,2;5;;;;;;;;;;;;;;;;;;;;;
06/08/2018;ROC7;14;Broute;Temoin;ERSC;3;;;;;;;;;;;;;;;0,007;1;;0,00198694294635254;0,00173010380622837;;0,2;5;;;;;;;;;;;;;;;;;;;;;
06/08/2018;ROC7;14;Broute;Temoin;HIPA;1;;;;;;;;;;;;;;;3,027;516;21;0,859210899801306;0,892733564013841;;0,2;5;;;;;0,083;;;;;;;;;;;;;;;;
06/08/2018;ROC7;14;Broute;Temoin;PEAL;4;;;;;;;;;;;;;;;0,024;2;;0,00681237581606585;0,00346020761245675;;0,2;5;;;;;;;;;;;;;;;;;;;;;
06/08/2018;ROC7;14;Broute;Temoin;POAR;5;;;;;;;;;;;;;;;0,091;12;;0,025830258302583;0,0207612456747405;;0,2;5;;;;;;;;;;;;;;;;;;;;;
25/07/2018;ROC8;1;Non Broute;Exclos;CAAQ;2;;;;;0,982967194914912;0,555026;;3,47112790070156;93,8142675865287;0,347112790070156;0,373737373737374;0,345132743362832;9,04;10;0,252;20;1;0,496062992125984;0,32258064516129;0,497464059351453;0,25;4;0,037;0,099;0,039;0,113;0,017;10,1;9;9;9,6;7,5;;;;9,1;;;P7250973.JPG;P7250975.JPG;;;
25/07/2018;ROC8;1;Non Broute;Exclos;DUFI;1;0,0192790364856204;3,109115;-29,4698163315534;44,4651601;1,22563972332095;0,8482007;5,89;3,50651769087523;97,4032691909786;0,350651769087523;0,292682926829268;0,327868852459016;7,74;10;0,242;39;1;0,476377952755905;0,629032258064516;0,502535940648547;0,25;4;0,036;0,123;0,02;0,061;0,007;8,2;8,9;8;8;5,6;;;;14,4;;;P7250972.JPG;P7250974.JPG;;;
25/07/2018;ROC8;1;Non Broute;Exclos;ERSC;3;;;;;;;;;;;;0,291666666666667;8,33333333333333;;0,01;2;;0,0196850393700787;0,032258064516129;0;0,25;4;;;0,007;0,024;;7,1;11,1;6,8;;;;;;;;;;P7250976.JPG;;;
25/07/2018;ROC8;1;Non Broute;Exclos;STLO;4;;;;;;;;;;;;;2,5;;0,004;1;;0,0078740157480315;0,0161290322580645;0;0,25;4;;;;;;2,5;;;;;;;;;;;;;;;
24/07/2018;ROC8;1;Broute;Temoin;CAAQ;2;1,22169973228277;3,5816353;-30,5685783955536;44,6339351;1,34799561999626;0,5980564;6,25;3,63619827194179;98,2756289713997;0,330563479267435;0,318965517241379;0,361538461538461;6,86;11;0,246;36;1;0,383775351014041;0,203389830508475;0,371646357568005;0,25;4;0,037;0,116;0,047;0,13;0,0091;8,2;7,3;6,7;5,6;6,5;;;;6,8;;;P7240966.JPG;P7240967.JPG;;;
24/07/2018;ROC8;1;Broute;Temoin;DUFI;1;0,756477439266015;3,1788368;-29,9595384224015;45,5942915;0,671979290865159;0,6676558;5,94;4,17519788918206;83,5039577836412;0,231955438287892;0,357142857142857;0,30188679245283;7,82;18;0,378;132;0;0,589703588143526;0,745762711864407;0,50850202200529;0,25;4;0,05;0,14;0,016;0,053;;10,7;8,1;7,2;5,5;7,6;;;;;;;P7240969.JPG;P7240970.JPG;;;
24/07/2018;ROC8;1;Broute;Temoin;ERSC;3;;;;;;;;1,17263157894737;97,7192982456142;0,234526315789474;0,315789473684211;;7,9;5;0,01;4;0;0,015600624024961;0,0225988700564972;0,119851620426705;0,25;4;0,012;0,038;;;;7,9;;;;;;;;;;;P7240968.JPG;;;;
25/07/2018;ROC8;1;Broute;Temoin;Inconnu/gaines roses;4;;;;;0,329382780174284;1,2564551;;;;;;;;;0,007;5;0;0,0109204368174727;0,0282485875706215;0;0,25;4;;;0,012;;;;;;;;;;;;;;;;;;
24/07/2018;ROC8;4;Non Broute;Exclos;DUFI;2;1,66545022716029;3,2712791;-28,7456086633077;44,394597;1,79153574544427;1,3163779;5,94;1,85253456221198;66,1619486504279;0,370506912442396;0,378378378378378;0,444444444444444;10,4333333333333;5;0,6789;93;0;0,630362116991643;0,808695652173913;1;0,333333333333333;3;0,028;0,074;0,012;0,027;;12;10,2;9,1;;;;;;;;;P7240945.JPG;P7240947.JPG;;;
24/07/2018;ROC8;4;Non Broute;Exclos;ERSC;1;2,07852672469604;2,3669093;-29,3463482620387;45,2667453;1,37246679933132;0,5383148;;1,7;89,4736842105263;0,242857142857143;0,351851851851852;;9,2;7;0,1001;22;0;0,0929433611884865;0,191304347826087;0;0,333333333333333;3;0,019;0,054;0,017;;;8;10,4;;;;;;;;;;;;;;
24/07/2018;ROC8;4;Non Broute;Exclos;Graminés;1;;;;;;;;;;;;;;;0,298;;;0,27669452181987;0;0;0,333333333333333;3;;;;;;;;;;;;;;;;;;;;;
24/07/2018;ROC8;4;Broute;Temoin;CAAQ;3;2,26870550821498;3,9657284;-31,891450568925;44,2030013;2,22793844358622;0,823022;;2,23266745005875;101,48488409358;0,248074161117639;0,366666666666667;0,441176470588235;;9;0,125;18;0;0,153374233128834;0,0886699507389163;0,399537745198784;0,166666666666667;6;0,022;0,06;0,015;0,034;;;;;;;;;;;;;P7240958.JPG;P7240960.JPG;;;
24/07/2018;ROC8;4;Broute;Temoin;DICOT;6;;;;;;;;;;;;;;;0,007;2;0;0,00858895705521472;0,00985221674876847;0;0,166666666666667;6;;;;;;;;;;;;;;;;;;;;;
24/07/2018;ROC8;4;Broute;Temoin;DUFI;1;1,98139239978046;3,6973519;-30,5706534891589;44,3067418;1,93428429156547;1,2564871;;2,31991525423729;115,995762711865;0,257768361581921;0,303030303030303;0,428571428571429;7,16666666666667;9;0,557;159;0;0,683435582822086;0,783251231527094;0,415150814200225;0,166666666666667;6;0,02;0,066;0,012;0,028;;8;6,5;7;;;;;;;;;P7240963.JPG;P7240965.JPG;;;
24/07/2018;ROC8;4;Broute;Temoin;ERAN;4;;;;;;;;;;;;;;;0,039;5;0;0,0478527607361963;0,0246305418719212;0;0,166666666666667;6;;;;;;;;;;;;;;;;;;;;;
24/07/2018;ROC8;4;Broute;Temoin;ERSC;2;0,798398568966426;2,5733673;-30,3166632630842;44,5603798;;;;1,03554376657825;73,9674118984464;0,129442970822281;0,466666666666667;0,34375;;8;0,046;14;0;0,056441717791411;0,0689655172413793;0,185311440600992;0,166666666666667;6;0,014;0,03;0,011;0,032;;;;;;;;;;;;;P7240955.JPG;P7240961.JPG;;;
24/07/2018;ROC8;4;Broute;Temoin;POA_sp;5;;;;;;;;;;;;;;;0,041;5;0;0,0503067484662577;0,0246305418719212;0;0,166666666666667;6;;;;;;;;;;;;;;;;;;;;;
25/07/2018;ROC8;6;Non Broute;Exclos;CAAQ;3;3,83819170553524;3,4245236;-28,3274773018421;44,3680495;3,59832448634972;1,2915035;6,87;3,21108545034642;76,4544154844386;0,291916859122402;0,392523364485981;0,371584699453552;10,1625;11;0,23;17;;0,135135135135135;0,0374449339207048;0,241907495392491;0,2;5;0,042;0,107;0,068;0,183;;8,2;6,8;14,7;13,5;10;7,2;12,1;8,8;;;;P7250985.JPG;P7250984.JPG;;;
25/07/2018;ROC8;6;Non Broute;Exclos;CAPR;5;0,883263294945307;3,4270546;-29,2083545372871;43,6250896;;;;2,39627906976744;72,61451726568;0,39937984496124;0,270491803278689;;4,225;6;0,052;30;;0,0305522914218566;0,066079295154185;0,180523962065959;0,2;5;0,033;0,122;;;;5,1;3;5;5,4;5,6;2,7;3,5;3,5;;;;P7250981.JPG;;;;
25/07/2018;ROC8;6;Non Broute;Exclos;DUFI;1;1,23703673095365;3,9203753;-29,0547976104957;44,9249644;1,72220073732826;1,6547975;6,64;2,5078167115903;75,9944458057667;0,25078167115903;0,34375;0,314814814814815;9,0375;10;0,452;83;;0,265569917743831;0,182819383259912;0,188926663268582;0,2;5;0,033;0,096;0,017;0,054;0,023;8,5;9,6;7,1;8,1;7,8;7,5;9,3;14,4;;;;P7250982.JPG;P7250989.JPG;;;
25/07/2018;ROC8;6;Non Broute;Exclos;ERSC;2;2,0795491912741;2,9247131;-28,9800942407053;44,8665125;2,57971164652774;1,0734455;6,82;3,62866449511401;68,4653678323398;0,279128038085693;0,404580152671756;0,259259259259259;9,86666666666667;13;0,414;64;1;0,243243243243243;0,140969162995595;0,273365861234863;0,2;5;0,053;0,131;0,021;0,081;0,029;8,7;11,8;9,1;7,6;8,8;13,2;;;15,2;;;P7250983.JPG;P7250986.JPG;;;
25/07/2018;ROC8;6;Non Broute;Exclos;STLO;4;4,61322137170381;3,43533;-29,3131467643541;43,6416952;;;;1,53017641597029;90,0103774100171;0,0392352927171869;0,293103448275862;0,296296296296296;7,25;39;0,554;260;;0,325499412455934;0,572687224669604;0,115276018038105;0,2;5;0,017;0,058;0,008;0,027;0,012;10,6;4,1;9,2;6,6;8;5,3;8,7;5,5;;;;P7250988.JPG;P7250987.JPG;;;
25/07/2018;ROC8;6;Broute;Temoin;DUFI;1;2,1567;4,2;-30,4077586411438;44,8054391;1,83436030928063;1,5687446;6,66;2,97105508870215;110,039077359339;0,297105508870215;0,310344827586207;0,263157894736842;8,2625;10;1,162;336;;0,773635153129161;0,805755395683453;0,46088790520578;0,5;2;0,027;0,087;0,03;0,114;;9,7;8;9,3;6,3;8,6;7;7,2;10;;;;P7250977.JPG;P7250978.JPG;;;
25/07/2018;ROC8;6;Broute;Temoin;ERSC;2;4,68830217426345;3,9764887;-30,7011917836225;44,3232379;1,90981311223041;1,3401312;6,81;3,475317348378;90,0341281963213;0,315937940761636;0,316393442622951;0,408163265306122;8,2375;11;0,34;81;2;0,226364846870839;0,194244604316547;0,53911209479422;0,5;2;0,0386;0,122;0,02;0,049;0,019;6;7,8;9,2;8,2;7,5;6,5;8,5;12,2;15;9,8;;P7250979.JPG;P7250980.JPG;;;
25/07/2018;ROC8;10;Non Broute;Exclos;CAAQ;3;0,37748012547363;3,3675862;-30,166746818897;44,5456563;-0,181453088445147;0,8102876;6,45;1,53017641597029;31,2280901218427;0,170019601774477;0,37984496124031;0,457627118644068;9,875;9;0,801;91;5;0,349171752397559;0,200440528634361;0,157849230546;0,25;4;0,049;0,129;0,027;0,059;0,062;11,2;7,5;12,3;6,8;9,4;12,2;8,5;11,1;8,2;10,7;10,1;P7250990.JPG;P7250991.JPG;;;
25/07/2018;ROC8;10;Non Broute;Exclos;DUFI;1;0,2449468958644;2,9790097;-29,9527281709882;43,5723136;0,1305544480769;1,0721586;6,3;5,42589118198874;104,344061192091;0,493262834726249;0,342105263157895;0,40506329113924;10,075;11;0,855;147;2;0,372711421098518;0,323788546255507;0,559721571424272;0,25;4;0,052;0,152;0,032;0,079;;11,7;12,7;7,9;8,1;12,1;14,7;6,8;6,6;14,6;;;P7250992.JPG;P7250993.JPG;;;
25/07/2018;ROC8;10;Non Broute;Exclos;ERSC;2;0,223203162881636;2,767585;-29,8317611091268;44,4203267;;;5,89;2,73784355179704;68,446088794926;0,34223044397463;0,344827586206896;0,45945945945946;8,225;8;0,092;15;;0,040104620749782;0,0330396475770925;0,282429198029727;0,25;4;0,04;0,116;0,017;0,037;;;;;9,2;6,4;7;10,3;;;;;P7250994.JPG;P7250995.JPG;;;
25/07/2018;ROC8;10;Non Broute;Exclos;Gram_gaines roses;4;;;;;;;;;;;;;;;0,546;201;;0,238012205754141;0,44273127753304;0;0,25;4;;;;;;;;;;;;;;;;;;;;;
26/07/2018;ROC8;10;Broute;Temoin;CAAQ;2;0,9707734111462;3,6571075;-29,9599655165697;44,0654042;0,555741189023612;0,6081788;;2,33519553072626;66,7198723064646;0,233519553072626;0,380434782608696;0,433333333333333;7,35;10;0,32;43;;0,557915681715123;0,22051282051282;0,40118807978716;0,25;4;0,035;0,092;0,039;0,09;;8,7;7,8;7,2;6,5;8,5;7;5,7;7,4;;;;P7260997.JPG;P7260996.JPG;;;
26/07/2018;ROC8;10;Broute;Temoin;CAPR;3;-0,652758651566869;2,6510416;-27,1942655979423;43,9620341;;;;1,81750465549348;60,5834885164493;0,45437616387337;0,204081632653061;0,351351351351351;4,7;4;0,127597480283435;12;;0,222464484992077;0,0615384615384615;0,312248457633387;0,25;4;0,03;0,147;0,013;0,037;;5,3;4,1;;;;;;;;;;P7260998.JPG;P7261002.JPG;;;
26/07/2018;ROC8;10;Broute;Temoin;DUFI;1;0,630121594416226;2,8156543;-31,1841108263472;43,9012826;-0,376202890653353;1,0857692;;1,668;59,5714285714286;0,1668;0,424242424242424;0,314285714285714;7,5125;10;0,120965892261083;139;;0,210902400766001;0,712820512820513;0,286563462579454;0,25;4;0,028;0,066;0,022;0,07;;7,1;9;8,4;8,9;7,1;5,4;9,4;4,8;;;;;P7260999.JPG;;;
26/07/2018;ROC8;10;Broute;Temoin;ERSC;4;;;;;;;;;;;;;;;0,005;1;;0,0087174325267988;0,00512820512820513;0;0,25;4;;;;;;;;;;;;;;;;;;;;;
26/07/2018;ROC8;14;Non Broute;Exclos;CAAQ;3;0,907613043910551;3,5673457;-30,610292712389;44,9772652;;;;1,32347504621072;66,173752310536;0,33086876155268;0,333333333333333;;7,95;4;0,021;6;;0,0109660574412533;0,0111731843575419;0,153456081153291;0,25;4;0,02;0,06;;;;9,1;6,8;;;;;;;;;;P7261004.JPG;;;;
26/07/2018;ROC8;14;Non Broute;Exclos;DUFI;1;-0,466383797428889;4,1593867;-29,4409444477282;45,2573733;-0,0998824906616052;1,4324781;;2,567;95,0740740740741;0,366714285714286;0,36986301369863;0,270833333333333;12,25;7;1,407;198;;0,734725848563969;0,368715083798883;0,297642000465628;0,25;4;0,027;0,073;0,013;0,048;;11,7;10,7;16;12,7;10,9;11,5;;;;;;;P7261007.JPG;;;
26/07/2018;ROC8;14;Non Broute;Exclos;Gram_gaines roses;4;;;;;;;;2,89925373134328;107,379767827529;0,263568521031207;0,380281690140845;;11,6375;11;0,184;68;;0,0960835509138381;0,126629422718808;0,3361666071112;0,25;4;0,027;0,071;;0,042;;12;16,3;14;8,1;10,6;9,7;12,2;10,2;;;;P7261005.JPG;;;;
26/07/2018;ROC8;14;Non Broute;Exclos;STLO;2;-0,7021;3,5697;-30,2174082379672;43,3961484;;;;1,8347260909935;131,051863642393;0,0679528181849445;0,254545454545455;;5,3;27;0,303;265;1;0,15822454308094;0,493482309124767;0,212735311269882;0,25;4;0,014;0,055;0,926;;0,011;4,8;9,8;2,8;6,8;5;3,9;3,6;5,7;;;;P7261003.JPG;;;;
27/07/2018;ROC8;14;Broute;Temoin;CAAQ;2;1,8464268114767;3,9583323;-31,7000301756538;45,2749556;2,31460720373123;0,8388177;7,02;3,55478;111,086875;0,355478;0,323232323232323;0,402597402597403;7,38571428571429;10;0,284;31;;0,129739607126542;0,0519262981574539;0,371996955388716;0,2;5;0,032;0,099;0,031;0,077;;6,1;6,2;7,1;9,8;8,1;7,3;7,1;;;;;;;;;
27/07/2018;ROC8;14;Broute;Temoin;CAPR;5;0,889398094413659;2,8708255;-29,504012744938;45,3689743;;;6,36;2,97435897435897;76,2656147271531;0,27039627039627;0,189320388349515;0,290322580645161;3,1;11;0,134;57;;0,061215166742805;0,0954773869346734;0,311257653833611;0,2;5;0,039;0,206;0,009;0,031;;3;3,2;3,1;;;;;;;;;P7271017.JPG;P7271018.JPG;;;
27/07/2018;ROC8;14;Broute;Temoin;DUFI;1;1,95648930636485;4,1397996;-31,6183515612345;45,3386832;2,06071871812996;1,3566993;6,35;2,05589;76,1440740740741;0,171324166666667;0,375;0,356164383561644;5,56666666666667;12;1,578;438;;0,720877112836912;0,733668341708543;0,215142658790167;0,2;5;0,027;0,072;0,026;0,073;;5,8;6,1;4,8;;;;;;;;;P7271024.JPG;P7271023.JPG;;;
26/07/2018;ROC8;14;Broute;Temoin;Gram_gaines roses;4;;;-31,7041658017003;42,7138843;;;;0,63202545068929;;0,0371779676876053;;;;17;0,151;53;;0,0689812699862951;0,0887772194304858;0,0661395482658835;0,2;5;;0,173;;0,071;;;;;;;;;;;;;P7271021.JPG;P7271020.JPG;;;
27/07/2018;ROC8;14;Broute;Temoin;STLO;3;2,50733054192821;3,4366167;-29,6270476198228;43,6081844;;;;0,338884;42,3605;0,0161373333333333;0,615384615384615;;2;21;0,042;18;;0,0191868433074463;0,0301507537688442;0,0354631837216227;0,2;5;0,008;0,013;;;;1,7;1,3;3,3;1,5;1,7;2,4;2,1;;;;;P7271019.JPG;;;;
