Parcelle;Traitement;Herbivorie_enveloppe;Herbivorie;Sp;nb_ind;m_frais;nb_emb1;nb_emb2;nb_emb3;nb_emb4;nb_emb5;nb_emb6;nb_emb7;nb_emb8;nb_emb9;nb_emb10;nb_emb_moy;m_vert;m_brun;Fonct_H1;Fonct_H2;Fonct_H3;Fonct_H4;Fonct_H5;Fonct_H6;Fonct_H7;Fonct_H8;Fonct_H9;Fonct_H10;Fonct_H_moy;Vert_H1;Vert_H2;Vert_H3;Vert_H4;Vert_H5;Vert_H6;Vert_H7;Vert_H8;Vert_H9;Vert_H10;Vert_H_moy;An1_H1;An1_H2;An1_H3;An1_H4;An1_H5;An1_H6;An1_H7;An1_H8;An1_H9;An1_H10;An1_H_moy;An2_H1;An2_H2;An2_H3;An2_H4;An2_H5;An2_H6;An2_H7;An2_H8;An2_H9;An2_H10;An2_H_moy;An3_H1;An3_H2;An3_H3;An3_H4;An3_H5;An3_H6;An3_H7;An3_H8;An3_H9;An3_H10;An3_H_moy;An4_H1;An4_H2;An4_H3;An4_H4;An4_H5;An4_H6;An4_H7;An4_H8;An4_H9;An4_H10;An4_H_moy;An5_H1;An5_H2;An5_H3;An5_H4;An5_H5;An5_H6;An5_H7;An5_H8;An5_H9;An5_H10;An5_H_moy;pH_1;pH_2;pH_3;pH_moy;T_pièce;P_Ulaval;P_CNETE;Si;LA;dNormC13;dNNorm15;%C;%N;Ratio_CN
26;PA;Non Brouté;Exclos;Aul.pal;3;0,3247;3;1;1;;;;;;;;1,666666667;0,0062;0,0624;4,8;3,5;4;;;;;;;;4,1;0,6;0,5;0,7;;;;;;;;0,6;;;;;;;;;;;;;;;;;;;;;;;;;;;;;;;;;;;;;;;;;;;;;;;;;;;;;;;;6,19;6,11;;6,15;21,5;0,13;;;3,91652173913043;-28,2342226099411;-1,17134430348355;12,6609344;0,3906044;32,4137014329588
26;PA;Non Brouté;Exclos;Pol.sp;8;0,2279;1;1;1;1;1;1;1;1;;;1;0,0104;0,043;4,5;3,3;5;4;3,3;3,7;2,5;1,7;;;3,5;0,5;0,6;0;0,7;0,2;1,6;1;;;;0,6571428571;1;0,6;0,5;0,6;0,4;0,6;0,8;;;;0,6428571429;0,6;0,5;0,4;0,5;0,2;;0,6;;;;0,4666666667;0,7;0,3;0,4;0,6;0,3;;0,4;;;;0,45;0,6;0,5;;0,5;0,5;;0,5;;;;0,52;0,9;0,6;;;;;0,8;;;;0,7666666667;6,19;6,03;;6,11;21,5;0,07;;;5,95023696682464;-28,4132230707409;-1,30461659232655;33,3595459;0,5914054;56,4072392643016
26;PA;Non Brouté;Exclos;Bra.alb+Sco.sco;10;0,3085;2;1;1;1;2;5;5;2;11;8;3,8;0,0048;0,0155;3,9;4;3,4;4,8;3,5;3,4;2,8;2,5;2,5;2,7;3,35;1,5;0;0,6;0,7;1;1,4;0,4;0,5;0,2;0;0,63;;;;;;;;;;;;;;;;;;;;;;;;;;;;;;;;;;;;;;;;;;;;;;;;;;;;;;;;6,61;6,35;;6,48;21,5;;833;477;6,71072463768116;-30,6996819954318;-0,946885711747966;23,2023582;0,5521542;42,0215189887173
26;PA;Non Brouté;Exclos;Tom.nit;2;0,5059;4;13;;;;;;;;;8,5;0,03;0,0298;4,8;3,6;;;;;;;;;4,2;1,5;2,4;;;;;;;;;1,95;;;;;;;;;;;;;;;;;;;;;;;;;;;;;;;;;;;;;;;;;;;;;;;;;;;;;;;;5,94;5,89;;5,915;21,5;;850;414;7,44868735083532;-29,5821653064609;-1,0751477641683;20,2106304;0,4304353;46,9539333786053
26;PA;Non Brouté;Exclos;Bry.pse+Poh.nut;10;0,0368;1;1;1;1;1;1;1;1;2;2;1,2;0;0,0059;2,6;2,2;3,1;1,8;1,5;3;1,4;1,3;1,5;2,6;2,1;1,2;0,5;1,3;0,6;0;0;0;0;0;0;0,36;;;;;;;;;;;;;;;;;;;;;;;;;;;;;;;;;;;;;;;;;;;;;;;;;;;;;;;;6,08;6,07;;6,075;21,5;0,12;;;1,59681093394077;-28,8463844068198;-1,47897281983544;24,4431886;0,6339887;38,554612408707
26;PA;Non Brouté;Exclos;Bry.pse;10;0,0816;1;1;2;3;4;1;1;1;3;3;2;0,0004;0,0099;1,9;3,1;2,1;2,4;0,4;2;2,1;1,6;1,4;1,6;1,86;0;0;0;0,2;0,2;0;0;0,6;0;0;0,1;;;;;;;;;;;;;;;;;;;;;;;;;;;;;;;;;;;;;;;;;;;;;;;;;;;;;;;;6,17;6,09;;6,13;21,5;;954;381;2,06225240520657;-28,1115924600009;-0,862713739847122;20,9708171;0,7103347;29,5224449826258
26;PA;Non Brouté;Exclos;Cal.ric;6;0,1717;3;4;2;4;1;3;;;;;2,83333333333333;0,003;0,0185;5,9;2,6;2,5;3,3;3;3;;;;;3,38333333333333;0,8;1;0,5;0,6;0;0;;;;;0,483333333333333;;;;;;;;;;;;;;;;;;;;;;;;;;;;;;;;;;;;;;;;;;;;;;;;;;;;;;;;;;;;;;1007;214;4,02885682574917;-28,8165973;9,338220084;20,66686;0,513884955;40,21690022
26;PA;Brouté;Témoin;Tom.nit;10;1,26;1;1;1;1;2;2;1;2;1;1;1,3;0,0338;0,2032;4,3;3,1;4,8;4,2;3,7;4,5;3,2;4,5;3,8;3,4;3,95;0,7;0,7;0,5;0,5;0,4;0,4;0,5;0,7;0;0;0,44;;;;;;;;;;;;;;;;;;;;;;;;;;;;;;;;;;;;;;;;;;;;;;;;;;;;;;;;6,08;6,24;;6,16;21,5;0,11;;;15,654501216545;-27,6200829074181;-1,10420713541978;17,6622115;0,3973484;44,4501890532339
33;PS;Non Brouté;Exclos;Dre.arc;10;0,1909;4;1;1;1;8;5;5;4;5;5;3,9;0,0056;0,037;3,2;2,6;2,1;2,3;2,6;3,3;2,4;2,3;3,7;2,8;2,73;1;0,2;0,6;0,3;1;1,2;0;0,4;0,3;0;0,5;;;;;;;;;;;;;;;;;;;;;;;;;;;;;;;;;;;;;;;;;;;;;;;;;;;;;;;;6,54;6,7;;6,62;21,3;0,13;950;311;4,95571095571096;-27,6453782151185;-1,28668951227765;14,9025140016706;0,408081215520482;36,5185003251457
33;PS;Non Brouté;Exclos;Sco.rev;10;0,2566;3;4;1;1;3;3;2;3;1;2;2,3;0,0019;0,0525;1,9;2,5;2,4;2,5;1,8;1,6;2,7;2,8;2,9;2,9;2,4;0;0;0,3;0,9;0,1;0;1,8;0;1,2;1,3;0,56;;;;;;;;;;;;;;;;;;;;;;;;;;;;;;;;;;;;;;;;;;;;;;;;;;;;;;;;6,74;6,8;;6,77;21,3;0,13;;;4,41863278886872;-28,263891194604;-0,555085223495228;14,708526;0,4790699;30,7022545144247
33;PS;Non Brouté;Exclos;Bry.pse;10;0,0265;1;2;1;1;1;1;1;1;1;1;1,1;0;0,0073;1,2;1,4;2;1,8;1,3;1,3;1,4;1,1;1,2;1,5;1,42;0;0;0;0;0;0;0;0;0;0;0;;;;;;;;;;;;;;;;;;;;;;;;;;;;;;;;;;;;;;;;;;;;;;;;;;;;;;;;6,71;6,57;;6,64;21,3;0,13;;;1,36099585062241;-27,508331238521;-0,942877522609831;19,0652754;0,6206684;30,7173289311974
33;PS;Non Brouté;Exclos;Phi.tom;10;0,1147;6;3;6;3;2;2;6;4;2;2;3,6;0,005;0,0262;1,9;3,1;2,4;2;2,9;3;2;1,6;1,7;2;2,26;0,5;0;0,4;0,3;0,5;0,4;0,3;0,5;0,2;0,7;0,38;;;;;;;;;;;;;;;;;;;;;;;;;;;;;;;;;;;;;;;;;;;;;;;;;;;;;;;;;;;;;0,13;;;2,82042455536431;-28,2084443054392;-1,48164088619669;8,50074542521437;0,279773891624068;30,3843413546136
33;PS;Non Brouté;Exclos;Dis.sp;10;0,0229;3;1;2;1;2;3;4;1;1;3;2,1;0,0021;0,005;2,2;2,1;3;2,8;3,4;2,5;2,9;2,9;2,5;2,9;2,72;0,9;0,7;0,8;1,1;1;0,6;0,7;0,8;1,1;0,9;0,86;;;;;;;;;;;;;;;;;;;;;;;;;;;;;;;;;;;;;;;;;;;;;;;;;;;;;;;;6,5;6,58;;6,54;21,3;0,08;;;1,72330097087379;-28,3776207691453;-0,887764921960468;8,9329366;0,324568;27,5225425796751
33;PS;Brouté;Témoin;Sco.rev;10;0,2074;3;4;8;6;6;3;2;1;2;2;3,7;0,0032;0,0313;3,1;3,2;3,6;3,4;2,5;3,1;2,7;1,8;2,9;3,4;2,97;1,6;0,9;0,4;0;0,6;0,3;0,4;0,5;0;0;0,47;;;;;;;;;;;;;;;;;;;;;;;;;;;;;;;;;;;;;;;;;;;;;;;;;;;;;;;;6,88;7,14;;7,01;21,3;0,13;;;4,45539906103286;-25,6741538463776;-0,813526281828325;19,7061770310264;0,602989929979432;32,6807730134044
33;PS;Brouté;Témoin;Bry.pse;10;0,0328;1;1;1;1;1;2;1;1;3;1;1,3;0,0012;0,0065;2;1,3;1;1,2;0,7;1,2;1,1;0,8;0,4;0,9;1,06;0,5;0,2;0,6;0,5;0,7;0,7;0,2;0,3;0,1;0;0,38;;;;;;;;;;;;;;;;;;;;;;;;;;;;;;;;;;;;;;;;;;;;;;;;;;;;;;;;7,29;7,08;7,07;7,14666666666667;21,3;0,14;;;1,12614678899083;-26,0350683631155;-0,672389610084856;17,6568644273795;0,678669235271848;26,0168923382933
33;PS;Brouté;Témoin;Dre.arc;6;0,1282;;;;;;;;;;;0;0,0053;0,0139;2;2,3;3,4;2,3;3,7;2,5;;;;;2,7;0,3;0,6;0,7;0,5;0,3;0,7;;;;;0,516666666666667;;;;;;;;;;;;;;;;;;;;;;;;;;;;;;;;;;;;;;;;;;;;;;;;;;;;;;;;6,65;6,8;;6,725;21,3;0,21;;;3,14134897360704;-25,72985626;7,630537234;16,768154;0,656293349;25,54978507
35;PS;Non Brouté;Exclos;Phi.tom;6;0,1225;1;4;5;5;4;5; ;;;;4;0,0018;0,0398;2,2;2,4;1,7;2,9;1,9;2,7;;;;;2,3;0,4;0,5;0,3;0,5;0,5;0,2;;;;;0,4;;;;;;;;;;;;;;;;;;;;;;;;;;;;;;;;;;;;;;;;;;;;;;;;;;;;;;;;7,25;7,1;;7,175;21,3;0,13;;;2,96699478865084;-28,43748947;9,054731231;9,12142913;0,323422161;28,20285757
35;PS;Non Brouté;Exclos;Bry.pse;9;0,0458;2;1;1;2;1;2;3;1;2;;1,66666666666667;0,0007;0,0152;1,2;1,1;1,5;1,6;1,2;1,3;1,7;1,3;2;;1,43333333333333;0,3;0,4;0,1;0,1;0,4;0,3;0,3;0,1;0,2;;0,244444444444444;;;;;;;;;;;;;;;;;;;;;;;;;;;;;;;;;;;;;;;;;;;;;;;;;;;;;;;;;;;;;0,13;;;1,5219170075979;-27,0438540205552;-1,37502685358472;13,0281880699529;0,483542330627923;26,9432213991165
35;PS;Non Brouté;Exclos;Tom.nit;3;0,3151;1;1;1;;;;;;;;1;0,0041;0,0606;2,2;2,4;2,5;;;;;;;;2,36666666666667;0;0,5;0,5;;;;;;;;0,333333333333333;;;;;;;;;;;;;;;;;;;;;;;;;;;;;;;;;;;;;;;;;;;;;;;;;;;;;;;;7,37;7,42;;7,395;21,3;0,13;;;3,58152476349471;-27,3416578021259;-0,992231707920775;13,3264652526377;0,320881434155016;41,5308080622694
35;PS;Non Brouté;Exclos;Dre.arc;9;0,1809;4;8;3;8;4;6;3;2;6;;4,88888888888889;0,0032;0,0278;3,8;3;1,7;2,3;1,5;1,9;1,5;2;3;;2,3;0,8;0,7;0,3;0,5;0;0,3;0,3;0,3;0,5;;0,411111111111111;;;;;;;;;;;;;;;;;;;;;;;;;;;;;;;;;;;;;;;;;;;;;;;;;;;;;;;;7,29;7,15;;7,22;21,3;0,13;;;3,81471389645777;-28,2321108311269;-0,991216336181614;16,9655714923729;0,436100485892931;38,9028951839741
35;PS;Non Brouté;Exclos;Cin.lat;9;0,1584;1;1;1;1;1;1;1;1;1;;1;0,0001;0,0372;2,5;2,5;1,7;1,7;2,7;1,7;1,3;1,9;1,3;;1,92222222222222;0;0;0;0;0,5;0;0;0,2;0;;0,0777777777777778;;;;;;;;;;;;;;;;;;;;;;;;;;;;;;;;;;;;;;;;;;;;;;;;;;;;;;;;7,54;7,5;;7,52;21,3;;1103;480;3,32712456344587;-27,0941453876416;-1,45727196445681;9,946185195681;0,379666847392064;26,1971390549411
35;PS;Brouté;Témoin;Cal.ric;10;0,2002;1;3;2;1;1;1;1;2;1;1;1,4;0,0046;0,0257;4,4;2,9;3,4;4;2,8;3,4;2,6;5,5;1,7;3,2;3,39;1,2;0,4;0,2;0,9;1,1;0;0,9;0,6;0,4;1,1;0,68;;;;;;;;;;;;;;;;;;;;;;;;;;;;;;;;;;;;;;;;;;;;;;;;;;;;;;;;6,34;6,66;6,34;6,44666666666667;21,3;0,1;;;6;-26,6237731895979;-0,648020688344977;22,1379945243905;0,55115418511626;40,1666087679634
35;PS;Brouté;Témoin;Sco.rev;9;0,0863;1;1;1;2;1;3;2;2;4;;1,88888888888889;0,005;0,0146;2,7;1,8;2;2;2,6;3,5;4;2;3,6;0;2,68888888888889;1,1;1,8;0,7;0;1;0,8;0,7;1,1;0,7;;0,877777777777778;;;;;;;;;;;;;;;;;;;;;;;;;;;;;;;;;;;;;;;;;;;;;;;;;;;;;;;;6,93;7,02;;6,975;21,3;0,11;;;4,1891418563923;-26,3604830913219;-0,723158197042939;23,2046226287973;0,578249058208595;40,1291144350235
35;PS;Brouté;Témoin;Mee.tri;10;0,1427;1;1;1;1;1;1;1;1;2;3;1,3;0,0057;0,016;1,6;2,4;2,5;1,7;1,8;2;2,2;2,1;2,3;2,8;2,14;0,8;1,2;1,1;0,8;1;1,2;1,1;0,5;0,5;1,2;0,94;1;1,2;1;0,8;0,4;0,9;0,4;0,4;0,6;1;0,77;0,9;1,8;0,7;0,6;0,4;0,7;0,5;0,4;;;0,75;;;;;;;;;;;;;;;;;;;;;;;;;;;;;;;;;;6,75;6,96;;6,855;21,3;;937;514;3,51774647887324;-25,3753639595699;-0,510945503558154;23,7025309100552;0,627442440088969;37,776422816879
35;PS;Brouté;Témoin;Bry.pse;10;0,0823;2;1;2;2;1;1;1;1;1;2;1,4;0,0031;0,0135;3,2;2;2,4;2,7;2,7;2;2,1;1,5;1,7;2,3;2,26;0,7;0,8;1;1,2;1;1;0;1;0,3;0,6;0,76;;;;;;;;;;;;;;;;;;;;;;;;;;;;;;;;;;;;;;;;;;;;;;;;;;;;;;;;6,66;6,8;;6,73;21,3;;898;409;2,84624017957351;-26,7705724332358;-0,524021757674679;23,2581366;0,6790932;34,2488138594231
35;PS;Brouté;Témoin;Cin.lat;7;0,0577;1;1;1;1;1;1;1;;;;1;0,0009;0,0082;1,5;1,6;1,8;1;1,2;1,7;0,7;;;;1,35714285714286;0,5;0,3;0;0;0;0,2;0,2;;;;0,171428571428571;;;;;;;;;;;;;;;;;;;;;;;;;;;;;;;;;;;;;;;;;;;;;;;;;;;;;;;;6,61;7,21;7,07;6,96333333333333;21,3;;965;360;1,51941474395048;-26,0745125725951;-0,875463957917186;19,1970413879209;0,617721868113417;31,0771600923738
36;PS;Non Brouté;Exclos;Dre.arc;10;0,1277;1;1;3;2;2;4;2;1;2;3;2,1;0,0039;0,029;2,2;2,4;2,4;2,2;3,3;1,8;2,1;2,5;2;2,1;2,3;0;0,3;0;0,5;0,6;0;0,3;0;0,1;0;0,18;;;;;;;;;;;;;;;;;;;;;;;;;;;;;;;;;;;;;;;;;;;;;;;;;;;;;;;;7,15;6,89;;7,02;21,5;0,13;;;3,11377245508982;-26,1632620439241;-0,960755184006764;17,1450549637122;0,505390421336569;33,9243765609366
36;PS;Non Brouté;Exclos;Bry.pse;10;0,0292;1;1;1;2;1;1;3;1;2;1;1,4;0;0,01;0,8;1,9;1,9;2;1;1,3;1,2;0,7;0,8;0,9;1,25;0;0;0;0;0;0;0;0;0;0;0;;;;;;;;;;;;;;;;;;;;;;;;;;;;;;;;;;;;;;;;;;;;;;;;;;;;;;;;6,74;6,79;;6,765;21,5;0,12;;;1,24454392837157;-26,5892595063033;-0,800326449219224;21,448620417551;0,594929508891288;36,0523727550894
36;PS;Non Brouté;Exclos;Cin.lat;4;0,0455;3;3;1;1;;;;;;;2;0,0001;0,0063;0,8;1,3;1;0,7;;;;;;;0,95;0;0,1;0,1;0;;;;;;;0,05;;;;;;;;;;;;;;;;;;;;;;;;;;;;;;;;;;;;;;;;;;;;;;;;;;;;;;;;7,15;7,26;;7,205;21,5;0,14;;;0,7835941716136;-26,8998826559548;-1,01253914270401;13,2282813209325;0,501809548269586;26,361159062334
36;PS;Non Brouté;Exclos;Sco.rev;3;0,0395;1;1;1;;;;;;;;1;0,0001;0,003;1,9;1,7;1,8;;;;;;;;1,8;0;0,8;0;;;;;;;;0,266666666666667;;;;;;;;;;;;;;;;;;;;;;;;;;;;;;;;;;;;;;;;;;;;;;;;;;;;;;;;6,48;6,42;;6,45;21,5;0,1;;;0,72562358276644;-26,9659517068331;-1,29785860140843;26,1344628059255;0,425871361032596;61,3670352064956
36;PS;Non Brouté;Exclos;Mee.tri;4;0,1079;1;1;5;3;;;;;;;2,5;0,0008;0,0129;1,6;1,9;2,5;2,6;;;;;;;2,15;1,2;2,5;0;0;;;;;;;0,925;0,6;1;0,4;;;;;;;;0,6666666667;0,8;0,6;0,8;;;;;;;;0,7333333333;0,7;;;;;;;;;;0,7;;;;;;;;;;;;;;;;;;;;;;;6,88;6,75;;6,815;21,5;;801;439;2,53139013452915;-24,7590481864518;-0,81048016661084;25,3326109249784;0,782086402405323;32,3910642699674
36;PS;Brouté;Témoin;Sco.rev;10;0,2199;1;4;2;1;1;5;3;2;1;2;2,2;0,0014;0,0304;5;4,4;3,5;3,5;4;2,5;4;3,9;3,3;3,3;3,74;0;0,3;0,5;0;0;0;0,3;0,5;0;0,5;0,21;;;;;;;;;;;;;;;;;;;;;;;;;;;;;;;;;;;;;;;;;;;;;;;;;;;;;;;;6,66;6,8;;6,73;21,5;0,12;;;7;-31,2032459101746;-0,800326449219224;23,6477628789995;0,437636505055073;54,0351698403761
43;PA;Non Brouté;Exclos;Aul.pal;10;0,5512;2;1;1;5;1;3;4;2;1;2;2,2;0,012;0,0543;2,4;2,2;2,4;3,2;2,9;2,9;2,2;2,5;3;3;2,67;0,7;0,5;0,5;0,3;1;0,8;0,7;0,7;0,5;0,5;0,62;;;;;;;;;;;;;;;;;;;;;;;;;;;;;;;;;;;;;;;;;;;;;;;;;;;;;;;;5,9;6;;5,95;21,5;0,09;;;7,71428571428571;-27,0073681267866;-1,65323871011501;22,0919491514901;0,699657761181561;31,5753649529762
43;PA;Non Brouté;Exclos;Hep.sp;10;0,0973;1;1;1;1;1;1;1;2;1;1;1,1;0,0183;0;4;2,2;2,7;2;2,2;3;3,3;4,3;1,5;2,6;2,78;0;0;0;0;0;0;0;0;0;0;0;;;;;;;;;;;;;;;;;;;;;;;;;;;;;;;;;;;;;;;;;;;;;;;;;;;;;;;;6,28;6,13;;6,205;21,5;0,1;;;2,80995475113122;-27,9698068380878;-1,0470617818355;19,2511480521095;0,384423917992078;50,0779143833248
43;PA;Non Brouté;Exclos;Poh.nut;10;0,031;1;1;1;1;5;1;2;3;1;1;1,7;0,0001;0,0058;1,4;2,6;1,5;1,7;1,7;2,2;2,5;2,7;1,5;1,5;1,93;0,2;0,2;0,5;0;0,3;0;0,5;0,3;0;0,2;0,22;;;;;;;;;;;;;;;;;;;;;;;;;;;;;;;;;;;;;;;;;;;;;;;;;;;;;;;;6,25;6,22;;6,235;21,5;0,1;;;1,64402021336328;-25,6287930054761;-1,46742568184843;27,4234261825003;1,04445092022503;26,2563090820886
43;PA;Brouté;Témoin;Aul.pal;9;0,5061;2;1;4;2;4;2;3;4;4;;2,88888888888889;0,0108;0,053;2,7;3,7;2,2;2,7;2,7;2,5;2,2;3,2;2,5;;2,71111111111111;0,9;0,7;0,5;0,4;0,4;0,5;0,6;0,6;0,3;;0,544444444444444;;;;;;;;;;;;;;;;;;;;;;;;;;;;;;;;;;;;;;;;;;;;;;;;;;;;;;;;5,76;5,41;5,58;5,58333333333333;21,5;0,07;;;9,06236080178174;-28,225208094468;-1,87154363403476;27,7250467850235;0,633398508503583;43,7718851762447
71;PA;Non Brouté;Exclos;Pol.sp;10;0,4865;1;2;1;1;1;3;1;1;1;1;1,3;0,0039;0,124;4;4,7;1,5;2;1,5;2;1;1,4;3;2,8;2,39;0;0,2;0,3;0;1;0;0,3;0;0;0;0,18;;;;;;;;;;;;;;;;;;;;;;;;;;;;;;;;;;;;;;;;;;;;;;;;;;;;;;;;;;;;;0,08;;;8,28287551139684;-28,1096145543567;-0,46189482603358;36,4927908;1,0032705;36,3738301883689
71;PA;Non Brouté;Exclos;Phi.tom;10;0,091;6;1;5;4;7;5;3;1;7;3;4,2;0,0021;0,0159;1;1,2;0,8;1,2;1;0,9;2,3;1,4;1,5;1,5;1,28;0,2;0;0,1;0,1;0,3;0;0,1;0;0,6;0,3;0,17;;;;;;;;;;;;;;;;;;;;;;;;;;;;;;;;;;;;;;;;;;;;;;;;;;;;;;;;6,58;6,7;;6,64;21,4;0,11;;;2,60578034682081;-27,1917698061036;-0,518053105732286;22,830175226814;0,97616770881798;23,3875542292405
71;PA;Non Brouté;Exclos;Bry.pse;10;0,0524;1;2;1;1;2;3;1;1;1;1;1,4;0,0027;0,0045;1,5;1,5;1,4;1,5;1;0,7;1;1;0,5;1,2;1,13;0,3;0,2;0,6;0,3;0,2;0,3;0,4;0,2;0,1;0,5;0,31;;;;;;;;;;;;;;;;;;;;;;;;;;;;;;;;;;;;;;;;;;;;;;;;;;;;;;;;6,43;6,58;;6,505;21,4;0,11;;;1,73224679860303;-26,82505667;6,334588194;26,6812813;1,200222408;22,23028091
71;PA;Non Brouté;Exclos;Pla.ell;7;0,1228;1;1;1;1;1;2;1;;;;1,14285714285714;0,0044;0,0149;1,2;1,3;2,3;1;1;3;1,3;;;;1,58571428571429;0,4;0,4;0,4;0,5;0;0,5;0,3;;;;0,357142857142857;;;;;;;;;;;;;;;;;;;;;;;;;;;;;;;;;;;;;;;;;;;;;;;;;;;;;;;;6,61;6,71;;6,66;21,4;;953;363;3,2983682983683;-26,96709965;5,385125529;21,8388854;1,089106819;20,05210604
71;PA;Brouté;Témoin;Cin.lat;9;0,1143;3;1;2;1;1;2;1;1;2;;1,55555555555556;0,0012;0,0134;1;0,9;1;0,8;1,2;1;0,9;1,3;1;;1,01111111111111;0,1;0,2;0,3;0,1;0,2;0;0,1;0,2;0,1;;0,144444444444444;;;;;;;;;;;;;;;;;;;;;;;;;;;;;;;;;;;;;;;;;;;;;;;;;;;;;;;;6,94;6,78;;6,86;21,4;0,08;;;2,4314171883893;-26,2648308833339;-0,667312751389048;32,9286236466926;1,08734536980348;30,2835001289828
71;PA;Brouté;Témoin;Sco.rev;5;0,2162;1;1;2;2;1;;;;;;1,4;0,012;0,01;3,5;4;1;1,5;1,7;;;;;;2,34;3,5;1,3;1;0;0;;;;;;1,16;;;;;;;;;;;;;;;;;;;;;;;;;;;;;;;;;;;;;;;;;;;;;;;;;;;;;;;;6,74;6,96;;6,85;21,4;;560;220;3,68415115623237;-26,7213976080598;-0,934355518788562;35,6215085785492;0,87082148043989;40,9056383870495
71;PA;Brouté;Témoin;Phi.tom;6;0,0325;2;2;1;3;3;2;;;;;2,16666666666667;0,0003;0,0065;1,2;1,4;0,9;1,1;1;1,2;;;;;1,13333333333333;0;0,1;0,3;0,2;0,2;0,2;;;;;0,166666666666667;;;;;;;;;;;;;;;;;;;;;;;;;;;;;;;;;;;;;;;;;;;;;;;;;;;;;;;;6,54;6,86;6,44;6,61333333333333;21,4;;511;322;1,10829493087558;-26,8229664474697;-0,743465631826172;34,7079699206365;1,05191009158907;32,9951867542262
71;PA;Brouté;Témoin;Mee.tri;6;0,0797;3;1;2;1;1;1;;;;;1,5;0,001;0,008;1,7;1,2;1,7;1,5;1,8;2;;;;;1,65;0,1;0,4;0,1;0,2;0,9;0;;;;;0,283333333333333;1;0,5;0,3;0,4;0,3;0,2;;;;;0,45;0,3;;;;;;;;;;0,3;;;;;;;;;;;;;;;;;;;;;;;;;;;;;;;;;;;;;;;;581;492;1,89544688026981;-25,6485151102158;-0,873433214438863;33,516968284371;0,995184022370401;33,6791663963192
72;PA;Non Brouté;Exclos;Aul.pal;10;1,2646;10;6;3;4;6;7;5;7;4;8;6;0,0342;0,1331;4,8;4;4,5;3,3;4,4;3,7;3,6;4,5;3;4,4;4,02;0,8;0,5;0,6;1,1;0,5;0,8;0,7;0,7;0,8;0,7;0,72;;;;;;;;;;;;;;;;;;;;;;;;;;;;;;;;;;;;;;;;;;;;;;;;;;;;;;;;;;;;;0,05;;;19,8976071229827;-27,7311693707365;-2,36806041448481;26,6981894584845;0,477737437348237;55,8846499589344
72;PA;Non Brouté;Exclos;Sph.sp;4;1,1341;2;3;1;1;;;;;;;1,75;0;0,1144;3,4;2,5;3,4;3,5;;;;;;;3,2;0;0;0;0;;;;;;;0;;;;;;;;;;;;;;;;;;;;;;;;;;;;;;;;;;;;;;;;;;;;;;;;;;;;;;;;5,55;5,6;;5,575;21,3;0,09;;;7,54774972557629;-28,9125234446493;-1,07752293401035;21,0986262991696;0,571422779052571;36,9229702990691
72;PA;Non Brouté;Exclos;Aul.tur;4;0,2486;3;4;2;2;;;;;;;2,75;0,0146;0,0239;3,7;5;5,6;3,4;;;;;;;4,425;1,1;3;0,5;0,4;;;;;;;1,25;;;;;;;;;;;;;;;;;;;;;;;;;;;;;;;;;;;;;;;;;;;;;;;;;;;;;;;;5,25;5,36;;5,305;21,3;0,06;;;5,15560391730141;-27,1740199118377;-1,85326694272985;27,8841006162947;0,454997828113661;61,2840301499837
72;PA;Brouté;Témoin;Sco.rev;10;0,461;3;7;1;1;5;2;2;1;2;6;3;0,0018;0,0374;3,5;3,5;3,5;3;3,5;4;4,6;3;3;1,5;3,31;0,4;0,5;0,5;0;0;0,3;0;0,7;0,5;0,3;0,32;;;;;;;;;;;;;;;;;;;;;;;;;;;;;;;;;;;;;;;;;;;;;;;;;;;;;;;;6,19;6,24;;6,215;21,3;0,09;;;10,2095238095238;-28,1768889378555;0,18763025298506;32,6911834113272;0,777782745776749;42,0312530572781
72;PA;Brouté;Témoin;Cal.ric;10;0,5254;4;1;2;1;3;1;5;1;1;9;2,8;0,0097;0,0368;4,5;5,7;4,5;5;5;2,5;5,5;3,3;2;4,8;4,28;2;1,7;1;1,5;0,5;0,6;0,8;0,5;1,2;1,3;1,11;;;;;;;;;;;;;;;;;;;;;;;;;;;;;;;;;;;;;;;;;;;;;;;;;;;;;;;;6,38;6,42;;6,4;21,3;0,09;;;10,4492512479201;-28,4746927194262;0,19372248342003;32,9812163041347;0,817325761955377;40,3525960386103
72;PA;Brouté;Témoin;Mee.tri;10;0,2477;1;2;3;2;3;2;5;2;1;2;2,3;0,0097;0,0183;3,5;4,5;4,2;2,6;4;3;5;3,5;4,5;2,2;3,7;1,8;1,5;1,8;1,2;1;1,2;2;2;1;1;1,45;0,7;0,6;0,5;0,9;0,6;0,6;0,4;0,6;0,4;;0,5888888889;0,7;0,5;0,3;;0,4;0,3;0,4;;0,4;;0,4285714286;0,7;0,5;0,5;;0,5;0,4;;;;;0,52;;;;;;;;;;;;;;;;;;;;;;;6,33;6,37;;6,35;21,3;0,09;;;6,20078519349411;-26,7805639222792;-0,134242588329183;33,8643998226156;0,988729489318374;34,2504195419129
72;PA;Brouté;Témoin;Phi.tom;10;0,0822;2;1;3;1;1;1;3;4;3;3;2,2;0,0025;0,0136;2,5;2,5;3,5;2,4;2,3;3,5;4;4,5;2,6;2,3;3,01;0,6;0,7;0,5;0,7;0,5;0,5;0,6;0,5;0,4;0,5;0,55;;;;;;;;;;;;;;;;;;;;;;;;;;;;;;;;;;;;;;;;;;;;;;;;;;;;;;;;;;;;;;610;573;3,44512534818942;-27,891277648374;-0,5817029221293;21,134882;0,741537;28,50145306
A1;PR;Non Brouté;Exclos;Aul.tur;10;1,4775;4;6;5;4;2;4;1;1;3;3;3,3;0,0672;0,1527;3;3,5;4,2;3;2,5;4;4;3;2,6;3,7;3,35;0,5;1;1;1;0,7;0,7;0,5;0,4;0;0,6;0,64;;;;;;;;;;;;;;;;;;;;;;;;;;;;;;;;;;;;;;;;;;;;;;;;;;;;;;;;5,32;5,56;;5,44;21,5;0,05;;;18,3605051664753;-26,7716889751463;-1,55170153619884;32,4666168643197;0,5273548324944;61,565031481274
A1;PR;Non Brouté;Exclos;Dic.acu;10;0,297;3;2;1;2;1;1;1;2;1;1;1,5;0,0046;0,0445;2;2;3;3,7;2;1,8;2,3;2,5;3,5;1,5;2,43;0,2;0,2;0;0,5;0,2;0;0;0,5;0,3;0;0,19;;;;;;;;;;;;;;;;;;;;;;;;;;;;;;;;;;;;;;;;;;;;;;;;;;;;;;;;5,01;5,33;;5,17;21,5;0,06;326;351;5,75911602209945;-27,0428679153182;-1,78625240794518;31,7630428460033;0,572130907402528;55,5170895944207
A1;PR;Non Brouté;Exclos;Ple.sch;6;0,5863;1;1;1;1;3;1;;;;;1,33333333333333;0,0092;0,0695;5,5;3,5;4,5;4,6;4,2;3;;;;;4,21666666666667;0;0,6;0,7;0;1;0,4;;;;;0,45;;;;;;;;;;;;;;;;;;;;;;;;;;;;;;;;;;;;;;;;;;;;;;;;;;;;;;;;5,91;5,86;;5,885;21,5;0,05;;;12,2036524626453;-28,2321108311269;-1,23592092531957;34,3792821838489;0,681726779435862;50,4297076495927
A1;PR;Brouté;Témoin;Ple.sch;10;1,5267;1;2;3;1;1;3;1;3;3;4;2,2;0,0276;0,1766;5,5;6,5;5,5;6;4,7;6,5;5,5;5;6;6,5;5,77;0;1,5;1,5;1;0;0;0;1;2,5;1;0,85;;;;;;;;;;;;;;;;;;;;;;;;;;;;;;;;;;;;;;;;;;;;;;;;;;;;;;;;5,8;5,71;;5,755;21,5;0,05;;;30,1869761444229;-27,7213083183666;-1,64308499272339;36,1596330338167;0,597182535450712;60,5503859996943
A1;PR;Brouté;Témoin;Aul.tur;10;0,5749;1;1;1;1;1;2;4;2;2;6;2,1;0,0231;0,0912;3;3,5;2,6;4;3;5,2;3,5;2,7;3,2;4;3,47;1,5;0,5;0,7;1;1;0,8;0,8;0,5;0,6;1,5;0,89;;;;;;;;;;;;;;;;;;;;;;;;;;;;;;;;;;;;;;;;;;;;;;;;;;;;;;;;4,94;5,15;;5,045;21,5;0,06;;;11,597265382225;-27,2864359088545;-1,86849751881728;25,6836856511779;0,652846645574008;39,34107010475
A1;PR;Brouté;Témoin;Dic.acu;10;0,5557;2;1;1;4;2;2;1;1;3;7;2,4;0,0076;0,087;2,7;2,2;2,5;2,5;1,9;2;2,1;2;2,5;3;2,34;0,6;0,5;0,3;0,5;0,6;0,3;0,5;0,2;0;0,5;0,4;;;;;;;;;;;;;;;;;;;;;;;;;;;;;;;;;;;;;;;;;;;;;;;;;;;;;;;;5,37;5,24;;5,305;21,5;0,05;;;8,61715749039693;-27,2746026460106;-1,60754698185273;30,7845049014482;0,721835286762041;42,6475478076712
B1;PR;Non Brouté;Exclos;Aul.tur;10;0,8618;3;3;2;2;1;1;1;2;1;3;1,9;0,0215;0,0922;6,2;4,5;7;7;5,5;4;4;4,6;3,6;5;5,14;3,5;1,5;0,7;0,2;0;0;0;0;0;2;0,79;;;;;;;;;;;;;;;;;;;;;;;;;;;;;;;;;;;;;;;;;;;;;;;;;;;;;;;;5,09;5,2;;5,145;21,5;0,06;;;15,0392156862745;-26,3634414070328;-1,89794329925297;29,1393171213883;0,591212934364592;49,2873471259654
B1;PR;Non Brouté;Exclos;Ple.sch;5;0,8006;1;1;1;4;1;;;;;;1,6;0,0039;0,0861;3;4,2;3,5;3;4,5;;;;;;3,64;0;0,6;0,5;0,3;0;;;;;;0,28;;;;;;;;;;;;;;;;;;;;;;;;;;;;;;;;;;;;;;;;;;;;;;;;;;;;;;;;5,31;5,58;;5,445;21,5;0,07;;;13,0194647201946;-28,3040965134271;-1,87763586446973;28,5298420661645;0,578471631045782;49,3193452107361
B1;PR;Brouté;Témoin;Aul.tur;10;0,995;2;1;4;2;4;3;4;1;5;4;3;0,0086;0,1184;3,5;3,6;4,1;3,8;2,7;3,6;3,3;2,5;2,4;2,8;3,23;0,1;0,4;0;0;0,5;0,5;0,2;0,5;0,3;0,5;0,3;;;;;;;;;;;;;;;;;;;;;;;;;;;;;;;;;;;;;;;;;;;;;;;;;;;;;;;;5,64;5,39;;5,515;21,5;0,06;;;11,1994933502217;-27,1257007552253;-2,1883396166532;25,4083285293658;0,630083182765753;40,325355801175
B1;PR;Brouté;Témoin;Dic.acu;9;0,3303;2;1;1;1;7;6;3;2;3;;2,88888888888889;0,0049;0,0521;2,3;3;2;3,3;3,2;3,2;2,2;2,5;3,2;;2,76666666666667;0,5;0,3;0;0,7;1,5;1,2;0,5;0;0,5;;0,577777777777778;;;;;;;;;;;;;;;;;;;;;;;;;;;;;;;;;;;;;;;;;;;;;;;;;;;;;;;;5,03;5,47;5,44;5,31333333333333;21,5;0,06;;;6,15924764890282;-26,3220249870793;-1,81163670142423;28,1094957665454;0,515732629421197;54,504008788609
B1;PR;Brouté;Témoin;Hep.sp;10;0,0835;1;1;1;1;1;1;1;1;1;1;1;0,008;0;1,3;0,7;1,9;2,5;1,3;1,6;2;1,5;1;1,9;1,57;0;0;0;0;0;0;0;0;0;0;0;;;;;;;;;;;;;;;;;;;;;;;;;;;;;;;;;;;;;;;;;;;;;;;;;;;;;;;;5,56;5,58;;5,57;21,5;0,07;;;1,914445133292;-27,99372758;13,0100757;28,2897407;0,694631382;40,7262635
B1;PR;Brouté;Témoin;Ple.sch;6;0,7395;2;1;2;3;2;1;;;;;1,83333333333333;0,0039;0,0913;4,9;2,7;3,1;2;4,6;4,5;;;;;3,63333333333333;0;0;0,6;0,5;0;0;;;;;0,183333333333333;;;;;;;;;;;;;;;;;;;;;;;;;;;;;;;;;;;;;;;;;;;;;;;;;;;;;;;;5,5;5,6;;5,55;21,5;;;;13,4550031466331;-28,4628594565823;-2,17615515578326;28,8482325957084;0,625815403715064;46,0970318474984
C1;PR;Non Brouté;Exclos;Aul.tur;10;0,823;4;7;6;3;3;1;6;8;6;2;4,6;0,0257;0,0936;5;7,9;7,3;6;10,6;4,8;5,4;6,7;6,6;3,9;6,42;1,4;0,7;2,5;1,1;1,2;1,4;0,6;0,2;2,1;0,5;1,17;;;;;;;;;;;;;;;;;;;;;;;;;;;;;;;;;;;;;;;;;;;;;;;;;;;;;;;;6,21;5,9;6,29;6,13333333333333;21,5;0,06;;;15,2683222289522;-25,9374439446536;-1,59840863620028;28,1229540026281;0,34246907289773;82,1182297270573
C1;PR;Non Brouté;Exclos;Tom.nit;5;0,8978;1;1;1;1;1;;;;;;1;0,0232;0,0725;4;3,8;3,1;6;3,9;;;;;;4,16;0,5;0,6;0;1,1;0,7;;;;;;0,58;;;;;;;;;;;;;;;;;;;;;;;;;;;;;;;;;;;;;;;;;;;;;;;;;;;;;;;;;;;;;0,09;;;11,4189104571071;-28,042365762454;-0,924840671488221;21,4820642;0,4226496;50,8271253539575
C1;PR;Brouté;Témoin;Ple.sch;10;2,2679;1;3;1;1;2;1;2;1;1;1;1,4;0,0197;0,2523;5,2;7;6,5;4,5;4,3;6;5;5,5;4,8;7;5,58;0,5;1,7;0;0,7;1;0,3;1;0;0;0;0,52;;;;;;;;;;;;;;;;;;;;;;;;;;;;;;;;;;;;;;;;;;;;;;;;;;;;;;;;6,55;7,87;7,66;7,36;21,5;0,06;387;465;34,4274143302181;-27,34326867;10,27643319;30,6639667;0,574022422;53,4194581
C1;PR;Brouté;Témoin;Aul.tur;10;1,2035;4;1;2;3;5;2;3;3;2;3;2,8;0,0086;0,1652;5,9;5,6;4,5;5,5;6;5,3;6,5;3,5;4;4,5;5,13;0,3;0;0,3;0,5;0,3;0;0,7;0;0,5;0,3;0,29;;;;;;;;;;;;;;;;;;;;;;;;;;;;;;;;;;;;;;;;;;;;;;;;;;;;;;;;7,25;7,16;;7,205;21,5;0,05;358;185;16,4092570036541;-26,580693491393;-1,11122146641152;28,3096221;0,5097628;55,5348921106052
C1;PR;Brouté;Témoin;Pol.sp;10;0,2076;1;1;1;1;1;1;1;1;2;1;1,1;0,0171;0,032;3,1;2;2,2;3,1;1,8;3,3;1,5;2,2;2;0,9;2,21;1;0,1;0;1,1;0;0;0;0;0,3;0;0,25;0,2;0,7;0,8;0,8;0,5;0,5;0,5;0,4;1;0,5;0,59;0,4;0,3;0,7;0,4;0,7;0,7;0,5;0,6;;0,5;0,5333333333;0,5;0,5;;0,9;0,6;0,6;1,1;0,7;;0,4;0,6625;0,5;0,8;;;0,6;;;;;1,2;0,775;;;;;;;;;;;;6,31;6,2;;6,255;21,5;0,03;;;4,25365853658537;-28,6196501892636;-2,81380860797677;36,9588340031117;0,417206983286526;88,5863264127807
C1;PR;Brouté;Témoin;Hep.sp;10;0,0962;1;2;1;1;2;2;2;1;2;1;1,5;0,0117;0;3,1;3;3;1,1;2,5;2,2;2;1,7;2;1,5;2,21;0;0;0;0;0;0;0;0;0;0;0;;;;;;;;;;;;;;;;;;;;;;;;;;;;;;;;;;;;;;;;;;;;;;;;;;;;;;;;6,9;6,63;;6,765;21,5;0,05;;;2,35279655808236;-26,9248490734831;-1,94592685442822;30,683283;0,6027654;50,9041875993546
C1;PR;Brouté;Témoin;Dic.acu;10;0,3067;5;1;1;2;1;1;1;1;2;1;1,6;0,0015;0,0484;2,5;2,5;2,5;3,4;2,5;3;2,5;2,3;2,5;2;2,57;0,3;1,3;0,2;0;0,3;0;0;0;0;0,7;0,28;;;;;;;;;;;;;;;;;;;;;;;;;;;;;;;;;;;;;;;;;;;;;;;;;;;;;;;;7,24;6,87;6,84;6,98333333333333;21,5;0,05;;;5,26050420168067;-25,6474777846954;-1,04368356755227;25,5311598534441;0,581790691713508;43,8837544448314
D1;PR;Non Brouté;Exclos;Ple.sch;10;3,3196;;;;;;;;;;;0;0,0658;0,1697;3,8;4;4,8;4,3;4,4;4,2;3,8;4,7;3,6;3,5;4,11;0,9;1,1;1,5;2,1;1,3;1;0,9;0,8;1,8;0;1,14;;;;;;;;;;;;;;;;;;;;;;;;;;;;;;;;;;;;;;;;;;;;;;;;;;;;;;;;4,98;5,11;;5,045;21,5;0,07;;;51,4638665843113;-28,2304819435673;-1,47170950489581;25,267932745356;0,578740198315315;43,6602344521942
D1;PR;Non Brouté;Exclos;Dic.acu;10;0,3337;6;3;1;1;2;2;1;4;4;5;2,9;0,0056;0,0684;2,3;2,8;2,9;2,5;2,4;2,8;2,7;2,6;3,4;3;2,74;0,1;0,9;0,7;0,6;1;0,8;0,6;0,6;0,7;0,7;0,67;;;;;;;;;;;;;;;;;;;;;;;;;;;;;;;;;;;;;;;;;;;;;;;;;;;;;;;;5,23;5;;5,115;21,5;0,07;;;6,10103469263542;-25,98755073;-1,486301298;24,230198;0,537083514;45,11439584
D1;PR;Non Brouté;Exclos;Pol.sp;10;0,147;1;1;1;1;1;2;1;1;1;1;1,1;0,0082;0,0239;1,6;1,8;1,2;0,7;3,1;2,9;1,5;1;3,1;1,3;1,82;0,9;0,7;0;0,1;0;0,7;0,5;0;0,4;0,1;0,34;0,5;0,5;1,1;1,2;0,5;0,8;0,7;;;;0,7571428571;0,4;0,6;0,5;0,5;0,6;;0,5;;;;0,5166666667;;;0,7;;;;;;;;0,7;;;;;;;;;;;;;;;;;;;;;;;5,35;5,1;;5,225;21,5;0,08;;;3,09480122324159;-27,2819594111083;-1,75187193661157;24,3215682157462;0,688926018155907;35,3035994791564
D1;PR;Non Brouté;Exclos;Aul.tur;10;0,3167;4;4;5;1;4;2;2;1;1;1;2,5;0,0234;0,0417;4,1;3,4;2,9;3,6;3,3;3,4;2,4;3;2,6;4,2;3,29;1,5;1,1;1;1,1;1,5;1,4;2,3;1;1,2;1,6;1,37;;;;;;;;;;;;;;;;;;;;;;;;;;;;;;;;;;;;;;;;;;;;;;;;;;;;;;;;5,78;5,58;;5,68;21,5;0,08;;;8,44363636363636;-27,3817528951158;-1,44836263558616;24,937894795844;0,644605510362204;38,6870642508647
D1;PR;Brouté;Témoin;Ple.sch;10;1,6678;;;;;;;;;;;0;0,0342;0,1176;6,2;5,3;5,7;2,4;2,3;4,4;3,5;5,2;7,6;3,9;4,65;2;0,7;1,9;0,9;0,3;1,7;2;3;2,8;0;1,53;;;;;;;;;;;;;;;;;;;;;;;;;;;;;;;;;;;;;;;;;;;;;;;;;;;;;;;;4,91;4,8;;4,855;21,3;0,07;;;28,9204484783769;-29,2952687292388;-2,03203436832734;29,8308711294497;0,512611969693216;58,1938637665888
D1;PR;Brouté;Témoin;Sco.cos;10;0,4293;22;27;12;13;20;11;41;12;11;5;17,4;0,0094;0,029;3,1;1,9;2,3;2;2,6;2,9;2,7;2,4;1,7;1,5;2,31;0,4;0,3;0,6;0,7;1,1;1,1;0;0,8;0,9;0,7;0,66;;;;;;;;;;;;;;;;;;;;;;;;;;;;;;;;;;;;;;;;;;;;;;;;;;;;;;;;5,04;4,99;;5,015;21,3;0,07;;;6,82920792079208;-29,0472383223854;-1,46295442890469;23,7445757691065;0,570386884849076;41,6288950532046
D1;PR;Brouté;Témoin;Hep.sp;10;0,1321;2;1;2;11;7;9;1;1;1;1;3,6;0,0011;0,0181;2;1,6;2,1;2,4;2,2;2,1;2,7;1,6;1,6;1,7;2;0;0,6;0;0;0,4;0,3;0;0;1,3;1,7;0,43;;;;;;;;;;;;;;;;;;;;;;;;;;;;;;;;;;;;;;;;;;;;;;;;;;;;;;;;4,8;4,82;;4,81;21,3;0,06;440;217;3,76252319109462;-27,84482735;9,331470349;25,2333455;0,640643629;39,38749151
D1;PR;Brouté;Témoin;Aul.tur;2;0,3214;5;3;;;;;;;;;4;0,0026;0,0392;5;5,1;;;;;;;;;5,05;0,5;0,5;;;;;;;;;0,5;;;;;;;;;;;;;;;;;;;;;;;;;;;;;;;;;;;;;;;;;;;;;;;;;;;;;;;;5,1;5;;5,05;21,3;0,07;;;3,42405832320778;-27,4447293656059;-0,975588532065803;23,173696527153;0,651498398439965;35,5698441970744
E1;PO;Non Brouté;Exclos;Ple.sch;9;0,8985;3;1;1;2;1;1;1;1;2;;1,44444444444444;0,0107;0,1116;3;2,8;3,3;4,4;3;4,9;4,2;4,5;3;;3,67777777777778;0,6;0;0,5;0,6;0,2;0,7;0;0,2;0,5;;0,366666666666667;;;;;;;;;;;;;;;;;;;;;;;;;;;;;;;;;;;;;;;;;;;;;;;;;;;;;;;;5,05;5,09;;5,07;21,3;0,07;;;18,3270971635486;-27,9766383240533;-2,37834626308711;30,4613079273471;0,596846197670733;51,0371148316369
E1;PO;Non Brouté;Exclos;Aul.tur;6;0,6689;6;2;2;6;8;6;;;;;5;0,0106;0,1121;3,1;4,5;3,3;4;3,6;4,3;;;;;3,8;0,5;0;0,6;0,5;0;0,5;;;;;0,35;;;;;;;;;;;;;;;;;;;;;;;;;;;;;;;;;;;;;;;;;;;;;;;;;;;;;;;;4,67;5,38;5,9;5,31666666666667;21,3;0,07;;;10,8191167574108;-26,43811198;11,6443794;24,4105926;0,508210057;48,03248622
E1;PO;Brouté;Témoin;Ple.sch;10;1,444;2;1;2;2;1;1;2;1;3;1;1,6;0,0066;0,1698;4,5;3,7;4,5;3,5;4;5;5;4;4,2;3,2;4,16;0;0;0;0;1,5;0;1;1;0;0;0,35;;;;;;;;;;;;;;;;;;;;;;;;;;;;;;;;;;;;;;;;;;;;;;;;;;;;;;;;5,81;5,65;;5,73;21,3;0,07;;;25,8111380145278;-28,2343574186744;-1,47754622222322;32,2377272964663;0,584306669521709;55,172615645231
E1;PO;Brouté;Témoin;Aul.tur;10;0,5751;4;1;2;4;4;5;1;1;4;1;2,7;0,001;0,0658;2,7;2;3;2;2,7;2,4;2;3,2;2,5;2,5;2,5;0;0;0;0;0;0;0,3;0,5;0;0;0,08;;;;;;;;;;;;;;;;;;;;;;;;;;;;;;;;;;;;;;;;;;;;;;;;;;;;;;;;5,89;5,8;;5,845;21,3;0,07;;;7,33615990308904;-26,2966198651321;-1,0057449049241;26,2128296243164;0,582270771088509;45,0182817442709
F1;PO;Non Brouté;Exclos;Aul.tur;10;0,8226;2;2;5;1;2;1;2;1;1;2;1,9;0,0147;0,092;3,2;3,5;4,7;3,8;3,3;3,7;4,8;4,1;3,5;2,5;3,71;0,9;0,6;0,8;0,5;1;0,6;0,7;0,6;0,6;0,6;0,69;;;;;;;;;;;;;;;;;;;;;;;;;;;;;;;;;;;;;;;;;;;;;;;;;;;;;;;;4,86;4,82;;4,84;21,3;0,06;;;11,1225;-26,7452061087771;-2,01549700256634;27,7936370518512;0,553495081832116;50,2147859378478
F1;PO;Non Brouté;Exclos;Sco.cos;10;0,4075;35;25;11;16;20;7;12;14;9;12;16,1;0,0099;0,0303;3,1;2,6;3;1,8;2,2;2,9;1,3;1,9;3,4;2,7;2,49;0;1,5;1,9;1,6;2,2;1,2;0,5;1,1;1,6;0;1,16;;;;;;;;;;;;;;;;;;;;;;;;;;;;;;;;;;;;;;;;;;;;;;;;;;;;;;;;5,24;5,39;;5,315;21,3;0,09;;;6,92167577413479;-28,4271623052519;-1,86374235205363;23,2635805382367;0,611424877218669;38,0481419795367
F1;PO;Non Brouté;Exclos;Hep.sp;10;0,0843;2;2;3;1;1;2;2;1;1;1;1,6;0,0011;0,0119;1,7;1,4;2,3;2,5;2,2;1,6;2,5;2,3;2,2;0,9;1,96;0;0;0;0,7;0,7;0;0,5;0;0;0;0,19;;;;;;;;;;;;;;;;;;;;;;;;;;;;;;;;;;;;;;;;;;;;;;;;;;;;;;;;4,89;5,27;5,09;5,08333333333333;21,3;0,07;;;2,50414201183432;-26,5930937108241;-2,56803957622799;29,4945549865493;0,639583539526969;46,1152502585718
F1;PO;Non Brouté;Exclos;Tom.nit;5;0,6743;;;;;;;;;;;0;0,012;0,0762;3,2;3,6;4,2;4,1;4,1;;;;;;3,84;1;1,2;1;0,5;0,8;;;;;;0,9;;;;;;;;;;;;;;;;;;;;;;;;;;;;;;;;;;;;;;;;;;;;;;;;;;;;;;;;4,75;4,79;;4,77;21,3;0,05;;;7,35096153846154;-26,0466517207251;-1,8462322000714;23,1945133471863;0,478264453979318;48,497255345239
F1;PO;Brouté;Témoin;Aul.tur;10;0,4625;1;1;2;1;1;2;1;2;1;1;1,3;0,0107;0,0636;1,7;2,5;2,5;3,2;3,2;2,6;2,3;2,7;2;2,5;2,52;0,6;0,5;0,3;0,2;0,5;0,7;0,3;0;0,5;0,5;0,41;;;;;;;;;;;;;;;;;;;;;;;;;;;;;;;;;;;;;;;;;;;;;;;;;;;;;;;;4,43;4,69;;4,56;21,3;0,06;;;6,56956779159266;-26,9254157012566;-2,3919652701844;25,9799195708914;0,500290844959376;51,9296321982486
F1;PO;Brouté;Témoin;Dic.acu;10;0,2587;1;2;3;1;1;1;1;1;1;3;1,5;0,0046;0,0292;2,3;2,5;3;2,3;2,2;1,5;1,5;1,3;1,4;1,5;1,95;0,3;0,5;0,3;0,3;0,2;0;0,5;0,3;0;0,3;0,27;;;;;;;;;;;;;;;;;;;;;;;;;;;;;;;;;;;;;;;;;;;;;;;;;;;;;;;;4,63;4,68;;4,655;21,3;0,08;;;4,88549618320611;-26,5863116293867;-1,88027971781463;22,4787370092673;0,601201927473919;37,3896622449575
F1;PO;Brouté;Témoin;Hep.sp;10;0,1093;4;2;1;1;1;2;2;4;2;3;2,2;0,0181;0;2;2,5;2,4;1,8;2,5;2,6;1,6;2,2;1,3;1,5;2,04;0;0;0;0;0;0;0;0;0;0;0;;;;;;;;;;;;;;;;;;;;;;;;;;;;;;;;;;;;;;;;;;;;;;;;;;;;;;;;5;4,99;;4,995;21,3;0,07;;;3,56547269524369;-27,6830710846916;-2,77816140001482;29,2394322399254;0,712909427373532;41,0142314257899
F1;PO;Brouté;Témoin;Sco.cos;7;0,302;1;1;1;1;2;2;2;;;;1,42857142857143;0,0201;0,0144;2,6;2;1,5;3,8;3;1,7;2,5;;;;2,44285714285714;1,5;2;1,5;3,8;1,5;1,5;0,6;;;;1,77142857142857;;;;;;;;;;;;;;;;;;;;;;;;;;;;;;;;;;;;;;;;;;;;;;;;;;;;;;;;5,32;5,33;;5,325;21,3;0,08;;;5,52814371257485;-27,7964287315738;-1,66918510780657;24,5166512369166;0,641576449320196;38,2131408702642
G1;PO;Non Brouté;Exclos;Dic.acu;10;0,7058;2;2;2;1;4;1;4;1;1;1;1,9;0,0077;0,0876;4,3;4,5;4,5;4,2;3,3;3,7;4,5;4;4,3;4,4;4,17;0;1;0;0,7;0,6;0,3;1,5;0;0;0;0,41;;;;;;;;;;;;;;;;;;;;;;;;;;;;;;;;;;;;;;;;;;;;;;;;;;;;;;;;4,25;4,5;;4,375;21,3;0,1;;;11,6112104949314;-26,533992715441;-3,11085428767729;18,1131655925082;0,425150118222475;42,6041645436633
G1;PO;Non Brouté;Exclos;Aul.tur;10;1,2889;9;3;3;10;1;1;5;1;2;2;3,7;0,0399;0,1537;7,1;3,9;6,4;7,5;4,2;5;6;5,3;5,1;4,3;5,48;1;2;2;1,8;0,2;0;1,2;0,5;0;0,5;0,92;;;;;;;;;;;;;;;;;;;;;;;;;;;;;;;;;;;;;;;;;;;;;;;;;;;;;;;;4,23;5,02;4,3;4,51666666666667;21,3;0,09;;;18,6287069988138;-26,7607080092055;-3,51650614193241;22,6845267126213;0,431640841630409;52,5541712571417
G1;PO;Non Brouté;Exclos;Ple.sch;10;1,5305;1;2;2;1;1;1;1;1;1;1;1,2;0,0201;0,1477;4;4,6;5,5;4;4,5;4,3;5,6;4,1;3,3;5,6;4,55;0;1;0,7;1,3;1;0;0;0;0;1;0,5;;;;;;;;;;;;;;;;;;;;;;;;;;;;;;;;;;;;;;;;;;;;;;;;;;;;;;;;4,6;4,54;;4,57;21,3;0,08;;;26,1172291296625;-26,8081825792673;-3,59919297073741;23,1694387152817;0,430596325083951;53,8077948314224
G1;PO;Brouté;Témoin;Aul.tur;10;1,7185;3;2;2;2;2;1;2;3;1;6;2,4;0,0349;0,1723;4;5,3;4,5;6,2;5,5;5,3;6;5,2;4;3,7;4,97;0,7;1;0,3;0;2;1,2;0,5;1;1;1,2;0,89;;;;;;;;;;;;;;;;;;;;;;;;;;;;;;;;;;;;;;;;;;;;;;;;;;;;;;;;4,83;4,83;;4,83;21,3;0,07;;;18,920049200492;-26,7364862897862;-1,92502788399146;26,9942022638262;0,554353593548019;48,6949170673824
G1;PO;Brouté;Témoin;Ple.sch;9;0,8609;1;1;2;1;1;1;1;1;2;;1,22222222222222;0,0024;0,1068;2,7;2;4,3;3,4;3,5;2,5;3;3;1,5;;2,87777777777778;0;0;0,6;0,5;0,6;0;0,5;0;0;;0,244444444444444;;;;;;;;;;;;;;;;;;;;;;;;;;;;;;;;;;;;;;;;;;;;;;;;;;;;;;;;4,99;4,89;;4,94;21,3;0,08;;;14,3752276867031;-27,7101994104412;-1,98436784348681;29,9067951132386;0,710585969745425;42,0875114153366
H1;PO;Non Brouté;Exclos;Aul.tur;10;0,4164;1;3;5;2;4;2;1;1;2;1;2,2;0,003;0,0615;2,3;3,5;3;3;3;3,5;2,5;1,7;1,5;2,3;2,63;0;0;0,7;0,7;0;0;0;0;0,5;0;0,19;;;;;;;;;;;;;;;;;;;;;;;;;;;;;;;;;;;;;;;;;;;;;;;;;;;;;;;;;;;;;0,08;598;389;6,20720221606648;-26,1667914490447;-2,57776743844035;22,1135716647461;0,560126152895851;39,4796271347428
H1;PO;Non Brouté;Exclos;Ple.sch;7;0,7994;1;1;1;1;3;1;1;;;;1,28571428571429;0,0045;0,0918;3,5;3;2;3,3;4,3;3;1,3;;;;2,91428571428571;0;0;0,3;0,8;0;0;;;;;0,1833333333;;;;;;;;;;;;;;;;;;;;;;;;;;;;;;;;;;;;;;;;;;;;;;;;;;;;;;;;4,86;5,6;5,17;5,21;21,3;0,09;;;12,7063197026022;-27,3798151575622;-2,0913743278227;24,0732353784766;0,614761874892489;39,1586341991142
H1;PO;Non Brouté;Exclos;Pol.sp;10;0,3043;2;1;2;3;1;1;1;1;1;2;1,5;0,0172;0,0385;3,5;2,3;2,3;4,5;2,3;3,5;2,5;2;3;2,6;2,85;1,2;0,9;1,2;1;1;0;0;0;0;1,3;0,66;1;0,7;1,7;0,5;0,9;0,7;0,5;0,4;0,3;0,5;0,72;0,9;0,5;0,4;0,4;0,6;0,7;0,7;;;;0,6;0,6;0,7;0,8;0,3;;;;;;;0,6;0,9;;0,9;0,5;;;;;;;0,7666666667;0,5;;0,8;0,6;;;;;;;0,6333333333;4,96;5,11;;5,035;21,5;0,06;;;6,04015056461732;-28,3409329841192;-2,68185556411252;32,5232301509205;0,56488763578065;57,5746893556535
H1;PO;Non Brouté;Exclos;Sco.cos;10;0,3686;13;5;2;2;11;7;7;11;6;3;6,7;0,0176;0,0166;2;2,3;2;1,8;2,5;2,7;1,5;1;5;1,5;2,23;1;1,3;1,3;0;1;1,7;1,5;1;2;1;1,18;;;;;;;;;;;;;;;;;;;;;;;;;;;;;;;;;;;;;;;;;;;;;;;;;;;;;;;;5;5,2;4,97;5,05666666666667;21,3;0,1;673;771;5,67044025157233;-28,1442526224347;-2,16725165307905;20,9887850756927;0,613654007535634;34,2029626107737
H1;PO;Brouté;Témoin;Pol.sp;10;0,1724;1;2;1;1;1;1;1;1;1;1;1,1;0,0079;0,0298;1,5;2,2;0,7;2;1,7;1;2;1,5;1;1;1,46;0;0,2;0,1;0,8;1;0;0;1,5;0;0;0,36;0,6;0,9;0,5;0,5;0,3;1,3;0,5;0,5;0,5;;0,6222222222;1;1,1;1,2;0,3;0,5;;0,8;1;1;;0,8625;;;;0,2;;;;;1,3;;0,75;;;;0,6;;;;;;;0,6;;;;;;;;;;;;4,4;4,44;;4,42;21,5;0,06;;;3,1585518102372;-27,4602312660342;-3,34043183588882;27,5192176815972;0,595461674780324;46,2149267486434
H1;PO;Brouté;Témoin;Hep.sp;10;0,1;2;2;2;1;2;1;1;4;1;1;1,7;0,0144;0;1,7;2;2;1,5;1;1,2;1,2;1,2;1,5;1;1,43;0;0;0;0;0;0;0;0;0;0;0;;;;;;;;;;;;;;;;;;;;;;;;;;;;;;;;;;;;;;;;;;;;;;;;;;;;;;;;4,56;4,62;;4,59;21,5;0,08;;;2,52490886998785;-27,3400915377146;-3,626430984932;25,1163083367101;0,679057298912224;36,9870235942442
H1;PO;Brouté;Témoin;Ple.sch;1;0,1674;1;;;;;;;;;;1;0;0,0247;4,5;;;;;;;;;;4,5;0;;;;;;;;;;0;;;;;;;;;;;;;;;;;;;;;;;;;;;;;;;;;;;;;;;;;;;;;;;;;;;;;;;;4,45;4,46;;4,455;21,5;0,08;;;2,63773357444243;-27,6791956095845;-2,80831777287311;22,2709222751812;0,523393780693438;42,550987605689
H1;PO;Brouté;Témoin;Sco.cos;10;0,1588;1;2;5;6;2;6;6;3;2;3;3,6;0,005;0,0182;1,5;2;1,9;2,2;2,3;1,8;2,7;2,5;2,5;1,9;2,13;0;0,9;1;1;1,8;1,5;0;0,5;1;1,1;0,88;;;;;;;;;;;;;;;;;;;;;;;;;;;;;;;;;;;;;;;;;;;;;;;;;;;;;;;;4,19;4,75;4,54;4,49333333333333;21,3;0,09;;;3,92731677771048;-27,3488113567056;-2,35402660755623;19,1677535227828;0,553260716444226;34,6450650716226
ROC3;1;Non Brouté;Exclos;Cin.lat;10;0,4152;1;1;1;1;1;1;3;4;2;4;1,9;0,0038;0,0232;2,2;1,7;1,9;1,8;1,7;1,8;2,7;2,3;3,5;2,4;2,2;0,6;0,4;0,5;0,3;0,6;0,4;0,2;0,3;0;0,5;0,38;;;;;;;;;;;;;;;;;;;;;;;;;;;;;;;;;;;;;;;;;;;;;;;;;;;;;;;;5,8;6,05;5,9;5,91666666666667;21,3;;557;636;5,99878419452888;-26,567903122628;0,155761843230853;34,5793128348427;1,08905422115641;31,7516907451353
ROC3;1;Non Brouté;Exclos;Sco.rev;10;0,5761;10;4;4;3;25;3;1;1;1;1;5,3;0,0145;0,0308;2,5;2;2,5;3;4;4,6;3,4;2,7;3,4;1,6;2,97;0,5;2,2;0;1,7;0;0,8;0,3;2,1;0,6;0;0,82;;;;;;;;;;;;;;;;;;;;;;;;;;;;;;;;;;;;;;;;;;;;;;;;;;;;;;;;5,78;6;;5,89;21,3;;452;362;8,95795246800731;-27,5464605871669;-0,0884074982992082;37,3598603447392;0,879503231783428;42,4783661897206
ROC3;1;Non Brouté;Exclos;Mee.tri;4;0,2527;1;1;4;5;;;;;;;2,75;0,0076;0,0055;;;;;;;;;;;;1,5;1,5;1,2;1,5;;;;;;;1,425;0,6;0,8;0,8;0,7;0,7;0,5;;;;;0,6833333333;;;0,6;0,5;0,3;0,3;;;;;0,425;;;;;;;;;;;;;;;;;;;;;;;;;;;;;;;;;;;;;;;;422;273;3,68068251066423;-25,6978589610875;-0,00669345571544289;39,4347929803897;0,914433488193928;43,124834653941
ROC3;1;Non Brouté;Exclos;Bry.pse;5;0,0503;2;1;1;4;2;;;;;;2;0,0018;0,0049;2;2,6;1,5;1,4;1,1;;;;;;1,72;0,6;0,4;0,3;0;0;;;;;;0,26;;;;;;;;;;;;;;;;;;;;;;;;;;;;;;;;;;;;;;;;;;;;;;;;;;;;;;;;;;;;;;544;341;1,15398660986001;-26,5117087335753;0,109068104611558;36,2817482439964;1,06490688370954;34,0703481205899
ROC3;1;Non Brouté;Exclos;Sco.cos;8;0,0899;8;1;3;4;1;1;1;1;;;2,5;0,0041;0,004;2;2,7;3,1;2,8;1,2;0,8;8;1,3;;;2,7375;1,2;0,2;1,8;1,7;0;1,2;0;0;;;0,7625;;;;;;;;;;;;;;;;;;;;;;;;;;;;;;;;;;;;;;;;;;;;;;;;;;;;;;;;;;;;;;562;516;2,24009900990099;-27,7169814918786;-0,207087417289915;35,8515269814483;0,984875802223452;36,4020792271574
ROC3;1;Brouté;Témoin;Sco.rev;10;0,2785;1;2;3;1;1;3;2;1;2;4;2;0,0006;0,0233;1,9;2,5;3;1,6;1,5;1,9;2,3;2,1;1,6;0,9;1,93;0;0,2;0;0,3;0;0;0,2;0;0;0,3;0,1;;;;;;;;;;;;;;;;;;;;;;;;;;;;;;;;;;;;;;;;;;;;;;;;;;;;;;;;4,62;4,9;;4,76;21,3;0,12;;;5,16502463054187;-30,1168694519408;-0,494059352554329;29,7408733743441;1,10153663558811;26,9994409749844
ROC3;1;Brouté;Témoin;Cal.ric;10;0,2236;3;2;6;3;2;4;1;4;2;2;2,9;0,0005;0,0241;2,4;2;2,1;1,7;2,1;2,1;2;2,4;2,2;2,5;2,15;0;0;0;0;0;0;0;0,4;0;0;0,04;;;;;;;;;;;;;;;;;;;;;;;;;;;;;;;;;;;;;;;;;;;;;;;;;;;;;;;;;;;;;0,11;;;5,90594059405941;-30,0277335244778;-0,377325006006093;30,6903705225757;1,04850120563024;29,2707059923008
ROC3;1;Brouté;Témoin;Mee.tri;10;0,2136;2;4;1;3;3;2;3;2;1;3;2,4;0,0073;0,0192;1,8;1,9;1,5;1,9;2,6;2;1,9;2,2;1,6;1,4;1,88;0,8;0,9;0,6;0,4;0,5;0,6;0,5;0,4;0,7;0,6;0,6;0,6;0,5;0,5;0,7;0,4;0,4;0,6;0,7;0,5;0,7;0,56;;0,5;0,6;0,6;0,5;0,5;0,9;0,6;0,4;0,6;0,5777777778;;;;;;;;;;;;;;;;;;;;;;;;;;;;;;;;;;4,89;4,68;;4,785;21,3;;;;5,18076688983567;-29,0675845666976;-0,726555259429566;29,3919028092066;1,07624695057515;27,3096270270493
ROC3;6;Non Brouté;Exclos;Sco.rev;10;0,3141;3;1;1;1;1;3;2;1;2;5;2;0,0046;0,0246;2,9;1,9;2,6;3,4;2,2;2,8;2,5;3,2;2,3;4,1;2,79;0,4;1,2;1;0;0,4;0,5;0,5;0,2;0,3;0,1;0,46;;;;;;;;;;;;;;;;;;;;;;;;;;;;;;;;;;;;;;;;;;;;;;;;;;;;;;;;7,5;7,41;;7,455;21,7;0,11;;;6,04126213592233;-29,6954115340453;0,670365754264327;29,9955326474192;1,28914231542161;23,2678210067206
ROC3;6;Non Brouté;Exclos;Dre.arc;10;0,2244;1;3;1;3;2;1;1;1;1;2;1,6;0,0041;0,0204;1,6;2,1;3,3;3,8;2,5;2,6;2,8;3,2;2,8;1,6;2,63;0,5;0,5;0,3;0,3;0,6;0,9;0,5;0,4;0;0;0,4;;;;;;;;;;;;;;;;;;;;;;;;;;;;;;;;;;;;;;;;;;;;;;;;;;;;;;;;7,05;7,11;;7,08;21,7;;851;722;4,35474006116208;-29,294299860462;0,32599943194703;31,3001682928181;1,24020630761695;25,2378721996352
ROC3;6;Brouté;Témoin;Sco.rev;10;0,2413;1;1;1;2;3;4;2;5;1;2;2,2;0,0068;0,0134;1,9;2,2;4;1,6;2,3;1,5;2,5;3,5;1,7;2,2;2,34;0,2;0,9;0,6;0,3;0,6;0,7;0,9;0,7;0,6;0,7;0,62;;;;;;;;;;;;;;;;;;;;;;;;;;;;;;;;;;;;;;;;;;;;;;;;;;;;;;;;6,22;6,27;;6,245;21,7;;916;1437;4,72400224845419;-31,3725233866362;1,01862322146657;32,239560820763;1,43985070032654;22,3909053997414
ROC3;6;Brouté;Témoin;Rhi.pun;4;0,0791;1;1;1;1;;;;;;;1;0,0035;0,0074;1,4;1,3;1,5;1,8;;;;;;;1,5;0,6;1,3;1,2;0,9;;;;;;;1;;;;;;;;;;;;;;;;;;;;;;;;;;;;;;;;;;;;;;;;;;;;;;;;;;;;;;;;;;;;;;1003;1435;1,87330316742081;-29,1877242950172;1,26376534921786;32,7880683974053;1,61921423526808;20,2493701471052
ROC3;6;Brouté;Témoin;Dre.arc;6;0,0765;1;1;1;4;3;1;;;;;1,83333333333333;0,0018;0,0046;1,3;1,6;1,6;1,9;2,2;1,7;;;;;1,71666666666667;0,7;0,6;0,6;1,2;0;0,7;;;;;0,633333333333333;;;;;;;;;;;;;;;;;;;;;;;;;;;;;;;;;;;;;;;;;;;;;;;;;;;;;;;;;;;;;;869;1272;1,7337807606264;-30,848365378403;0,851303991414093;32,7421536233542;1,34557603701738;24,3331872169266
ROC3;6;Brouté;Témoin;Sco.cos;5;0,064;3;2;1;1;2;;;;;;1,8;0,0007;0,0048;2,4;3,9;2,2;1,6;1,8;;;;;;2,38;0;1;0;0;0,8;;;;;;0,36;;;;;;;;;;;;;;;;;;;;;;;;;;;;;;;;;;;;;;;;;;;;;;;;;;;;;;;;6,08;6,18;;6,13;21,7;;925;1198;1,45536215609208;-31,3928696309484;1,04294287699745;32,2231315472314;1,44731293210887;22,2641080808138
ROC3;6;Brouté;Témoin;Mee.tri;5;0,0954;3;1;1;3;2;;;;;;2;0,001;0,004;2,3;2,2;1,5;1,8;2,7;;;;;;2,1;1;1;0,9;0,8;0,7;;;;;;0,88;0,8;1,1;1;0,8;0,9;;;;;;0,92;0,7;0,6;;;;;;;;;0,65;;;;;;;;;;;;;;;;;;;;;;;;;;;;;;;;;;;;;;;;861;1280;1,91580098414434;-28,536644477027;1,28711221852751;34,6164257461888;1,35461403764199;25,5544566823229
ROC3;10;Non Brouté;Exclos;Bry.pse;10;0,1244;3;3;1;1;1;5;2;4;1;1;2,2;0,0002;0,0137;2,3;1,5;1,7;2,3;3;3;1,7;2;2,2;2;2,17;0;0;0;0;0,7;0;0;0;0;0;0,07;;;;;;;;;;;;;;;;;;;;;;;;;;;;;;;;;;;;;;;;;;;;;;;;;;;;;;;;5,47;5,23;5,27;5,32333333333333;21,7;0,29;;;2,99674267100977;-27,6065304513267;-0,402617447758211;38,80613345315;1,15717398907126;33,5352624753477
ROC3;10;Non Brouté;Exclos;Mee.tri;10;0,3194;1;5;4;3;5;4;2;3;2;1;3;0,0064;0,0213;2,8;4,5;2,4;2;3;1,8;2;2;2;2;2,45;0;0;0;1;0;0,7;0,5;0,6;0,7;0,6;0,41;0,6;0,7;0,9;0,5;1,5;0,7;0,9;1,3;0,6;1,2;0,89;0,6;;0,5;0,4;;0,4;;;0,9;;0,56;;;;;;;;;;;;;;;;;;;;;;;;;;;;;;;;;;6,88;6,99;;6,935;21,7;;1567;439;5,68421052631579;-26,8905364252928;-0,0115573868216194;35,8980940476473;0,974406561209664;36,8409814513996
ROC3;10;Non Brouté;Exclos;Sco.rev;10;0,1981;1;1;3;2;2;1;1;1;1;1;1,4;0,0005;0,0128;2,6;2,3;1,5;2;1,8;1,5;1,8;1;1,5;1,2;1,72;0;0;0;0;0;0;0,2;0,2;0,3;0,4;0,11;;;;;;;;;;;;;;;;;;;;;;;;;;;;;;;;;;;;;;;;;;;;;;;;;;;;;;;;6,82;6,85;;6,835;21,7;;1808;180;3,24149108589951;-26,7510193214378;-0,119536657378738;35,4274533138045;0,962875751503006;36,7933798919578
ROC3;10;Non Brouté;Exclos;Sco.cos;5;0,1114;1;1;4;3;4;;;;;;2,6;0,001;0,0075;2,5;2,6;2;2;1,5;;;;;;2,12;0;0;1;0,3;0;;;;;;0,26;;;;;;;;;;;;;;;;;;;;;;;;;;;;;;;;;;;;;;;;;;;;;;;;;;;;;;;;6,17;6,8;6,75;6,57333333333333;21,7;;1584;200;2,05808219178082;-27,0736526241025;-0,369542716236211;34,2087227445151;0,970187194782888;35,2599198674957
ROC3;10;Brouté;Témoin;Bry.pse;10;0,0818;1;1;1;1;1;1;1;1;1;;0,9;0,0006;0,0109;3,8;4,1;3,5;2,5;1,3;2,3;1,7;2,3;1,5;;2,3;0;0;0;0,2;0,3;0;0;0;0,3;0;0,08;;;;;;;;;;;;;;;;;;;;;;;;;;;;;;;;;;;;;;;;;;;;;;;;;;;;;;;;6,71;6,66;;6,685;21,7;0,25;;;2,23342465753425;-26,6047201361453;-0,428882675731564;36,0451297328011;1,51358723616193;23,814372156178
ROC3;10;Brouté;Témoin;Sco.cos;10;0,1817;1;1;1;4;1;1;2;5;1;2;1,9;0;0,0139;2;2,5;2,9;3,2;3,5;2,6;2,5;3;2,8;2;2,7;0;0;0;0;0;0;0;0;0;0;0;;;;;;;;;;;;;;;;;;;;;;;;;;;;;;;;;;;;;;;;;;;;;;;;;;;;;;;;7,47;7,11;7,2;7,26;21,7;0,2;;;3,82135076252723;-26,6686654754122;-0,101053719175267;34,8375181217165;1,05564703690812;33,0011044446749
ROC3;10;Brouté;Témoin;Cal.ric;10;0,2623;1;2;2;4;1;3;1;1;1;7;2,3;0,0047;0,0117;3,5;3,2;2,5;3,8;2,2;3,4;3,5;1,7;3;2;2,88;0;0;0,5;1,5;0;0;0;1,7;0;2;0,57;;;;;;;;;;;;;;;;;;;;;;;;;;;;;;;;;;;;;;;;;;;;;;;;;;;;;;;;6,67;6,61;;6,64;21,7;;;;4,68733007069059;-26,3247170596584;-0,290747032316151;40,112575605123;1,15741735190116;34,6569675486847
ROC3;10;Brouté;Témoin;Mee.tri;5;0,1978;1;1;6;2;5;;;;;;3;0,001;0,012;3;2,5;2,5;1;2,5;;;;;;2,3;0;0;0;0,6;0,4;;;;;;0,2;0,6;0,7;1,2;0,4;;;;;;;0,725;0,8;;;;;;;;;;0,8;;;;;;;;;;;;;;;;;;;;;;;;;;;;;;;;;;6,93;6,81;;6,87;21,7;;;;3,43799893560404;-25,6426334408115;-0,139965168024679;34,8441406398104;1,24768864787456;27,9269517272338
ROC3;14;Non Brouté;Exclos;Cal.ric;8;0,1051;1;1;1;3;1;1;1;1;;;1,25;0,0038;0,0039;2;1,6;2,3;2,9;1,9;1,5;3,2;3,7;;;2,3875;2;0,5;2,1;1,8;0,9;0,6;2,2;3;;;1,6375;;;;;;;;;;;;;;;;;;;;;;;;;;;;;;;;;;;;;;;;;;;;;;;;;;;;;;;;6,25;6,33;;6,29;21,7;0,07;;;1,91973969631236;-27,2771150672245;0,347400728814207;36,4666150281194;1,08497648483223;33,6105118755252
ROC3;14;Non Brouté;Exclos;Sco.rev;7;0,0844;1;1;1;1;1;1;2;;;;1,14285714285714;0,0012;0,004;1,2;1,5;1,3;0,8;1,2;1,1;2,1;;;;1,31428571428571;0;1,5;0,1;0;0;0;1,2;;;;0,4;;;;;;;;;;;;;;;;;;;;;;;;;;;;;;;;;;;;;;;;;;;;;;;;;;;;;;;;5,63;5,36;;5,495;21,7;0,09;;;1,36778449697636;-26,8246533484724;0,436897061167855;34,0338736553225;1,17911363484434;28,8639471630022
ROC3;14;Non Brouté;Exclos;Rhi.pun;10;0,7142;1;1;1;1;1;1;1;1;1;1;1;0,021;0,0115;1,9;2,2;4,1;3,8;2,7;2,1;2,6;2,3;1,6;1,2;2,45;1,4;2;1,3;2,5;1;1,7;2,3;1;1;0,6;1,48;;;;;;;;;;;;;;;;;;;;;;;;;;;;;;;;;;;;;;;;;;;;;;;;;;;;;;;;;;;;;;1086;236;11,0839865621501;-28,8495890919241;1,03516058722757;37,9809479162897;2,01057968545482;18,8905459410816
ROC3;14;Non Brouté;Exclos;Pol.sp;4;0,0765;2;1;1;2;;;;;;;1,5;0;0,0092;4,1;1,9;1,7;3;;;;;;;2,675;0;0;0;0;;;;;;;0;;;;;;;;;;;;;;;;;;;;;;;;;;;;;;;;;;;;;;;;;;;;;;;;;;;;;;;;;;;;;;548;205;1,46912242686891;-26,7926806788389;-0,11078158138762;39,0692749424177;1,25799736234459;31,056722463712
ROC3;14;Brouté;Témoin;Sco.cos;10;0,1203;1;1;1;1;1;3;2;1;1;1;1,3;0,0026;0,0096;1,8;2,1;2,6;3,7;2;1,8;3,2;1,9;2,5;2,8;2,44;0,1;1,9;0,7;0,8;0,1;1,6;0,5;0;0;0,4;0,61;;;;;;;;;;;;;;;;;;;;;;;;;;;;;;;;;;;;;;;;;;;;;;;;;;;;;;;;5,29;5,27;;5,28;21,7;0,06;;;2,85557986870897;-26,064091358707;0,804610252794799;38,9859268289458;1,43178987669008;27,2288046337295
ROC3;14;Brouté;Témoin;Pla.ell;10;0,3357;3;1;1;1;1;1;1;1;1;1;1,2;0,006;0,0094;2,4;1;1,2;1,1;1,6;1,2;2,7;2,3;0,7;1,2;1,54;0;0,5;0,6;0;0,6;0,5;0,4;0;0,6;0,7;0,39;;;;;;;;;;;;;;;;;;;;;;;;;;;;;;;;;;;;;;;;;;;;;;;;;;;;;;;;5,56;5,66;;5,61;21,7;0,06;;;4,64989059080963;-26,1716357929286;0,961228834413683;41,2188401541503;1,96602402770441;20,9655831125719
ROC3;14;Brouté;Témoin;Dre.arc;10;0,2062;3;2;2;6;5;1;5;1;4;2;3,1;0,0044;0,0146;2,1;3,2;4,2;3;3,3;3,6;3,4;2,7;4;2,6;3,21;0,8;0,7;0;0,6;1,1;0;0,9;0;1,3;0;0,54;;;;;;;;;;;;;;;;;;;;;;;;;;;;;;;;;;;;;;;;;;;;;;;;;;;;;;;;5,94;5,94;;5,94;21,7;0,08;;;4,55293472298409;-25,971079956137;0,510828813981738;40,5307091529234;1,4169188203502;28,6048209472622
ROC3;14;Brouté;Témoin;Bry.pse;10;0,1708;1;5;2;6;6;4;1;1;1;3;3;0,0035;0,0139;1,9;3,1;3,4;2,3;3,1;4;2,2;2,8;2,4;1,8;2,7;0;0,3;0,2;0,3;0,3;0,2;0;0,2;0,3;0,3;0,21;;;;;;;;;;;;;;;;;;;;;;;;;;;;;;;;;;;;;;;;;;;;;;;;;;;;;;;;5,75;5,65;;5,7;21,7;0,09;;;3,72164383561644;-26,6105333488059;-0,508651145872859;35,8945808459397;1,48296220678198;24,2046497758231
ROC3;14;Brouté;Témoin;Cal.ric;10;0,2569;2;3;2;1;4;3;3;1;2;2;2,3;0,003;0,0178;2,1;3;2,4;1,6;6,1;3,1;3,3;4,6;2,4;2,1;3,07;0,5;0,6;0,7;0;1;1,1;0;0,4;0;0;0,43;;;;;;;;;;;;;;;;;;;;;;;;;;;;;;;;;;;;;;;;;;;;;;;;;;;;;;;;6,71;6,37;6,6;6,56;21,7;;639;181;5,07162383816293;-26,1280366979739;0,607134649884033;40,4248768172544;1,35767231409448;29,7751352793964
ROC6;1;Non Brouté;Exclos;Mee.tri;10;0,2606;1;1;1;1;1;3;1;3;2;3;1,7;0,0016;0,0304;2,1;1,7;3,5;2,1;2,6;1,8;1,6;2;2,1;3,2;2,27;0,4;0;0;0;0;0;0,4;0,1;0,3;0,5;0,17;0,5;0,3;0,5;0,6;0,3;0,5;0,6;0,8;0,6;0,5;0,52;0,5;0,2;0,5;;0,2;;;;0,5;;0,38;;;;;0,4;;;;;;0,4;;;;;;;;;;;;;;;;;;;;;;;5,7;6,47;6,5;6,22333333333333;21,7;0,11;;;4,83815648445874;-24,0643462034513;-0,937649869437627;16,6110703527987;0,475974311685302;34,8990900243822
ROC6;1;Non Brouté;Exclos;Sco.rev;10;0,4863;1;1;1;1;1;2;1;1;1;5;1,5;0,002;0,0628;4,6;1,7;2,2;2;4,5;2,7;2,6;2,8;3;2;2,81;0;0;0,2;0;0;0,3;0,1;0;0;0,6;0,12;;;;;;;;;;;;;;;;;;;;;;;;;;;;;;;;;;;;;;;;;;;;;;;;;;;;;;;;6,08;6,38;6,3;6,25333333333333;21,7;0,12;;;6,87168381158636;-25,8528779653709;-0,709045107447331;15,455141634302;0,399160404547027;38,7191250891748
ROC6;1;Non Brouté;Exclos;Cin.lat;10;0,3414;1;1;1;1;1;1;3;1;2;1;1,3;0;0,0507;1,6;1,1;1,1;1,4;1,9;1,6;1,2;2,6;2;2,3;1,68;0;0;0;0;0;0;0;0;0;0;0;;;;;;;;;;;;;;;;;;;;;;;;;;;;;;;;;;;;;;;;;;;;;;;;;;;;;;;;6,73;6,76;;6,745;21,7;0,12;;;4,67241379310345;-25,9518892913329;-1,13677389536693;15,3290646;0,5374092;28,5240085208813
ROC6;1;Non Brouté;Exclos;Phi.tom;10;0,1578;3;1;1;2;1;1;2;3;7;3;2,4;0,0012;0,0322;2,9;3,2;2,9;2,7;2;2,3;2,8;1,9;3;2,6;2,63;0,6;0;0;0;0;0,3;0;0;0,5;0,4;0,18;;;;;;;;;;;;;;;;;;;;;;;;;;;;;;;;;;;;;;;;;;;;;;;;;;;;;;;;6,56;6,5;;6,53;21,7;0,17;;;3,45823927765237;-26,9221922459722;-0,935051964648715;17,4935219;0,4938897;35,4198961832976
ROC6;1;Non Brouté;Exclos;Bry.pse;10;0,1715;1;1;1;1;3;3;4;2;3;4;2,3;0,001;0,0289;2,1;2;1,6;1,3;1,2;1,9;2,6;2,5;2,4;1,5;1,91;0;0;0;0;0,2;0;0;0,2;0,1;0,3;0,08;;;;;;;;;;;;;;;;;;;;;;;;;;;;;;;;;;;;;;;;;;;;;;;;;;;;;;;;6,44;6,48;;6,46;21,7;0,1;;;3,37659456461453;-26,1845234013591;-1,09964100264766;22,2842077;0,6315418;35,285404228192
ROC6;1;Brouté;Témoin;Sco.rev;10;0,7145;3;4;3;6;8;7;3;2;4;4;4,4;0,0071;0,1033;2,6;2,8;3;3,7;2,6;3,6;2,9;2,1;3,3;2,3;2,89;0;0;0,6;0,9;0;1;0,4;0;0;0;0,29;;;;;;;;;;;;;;;;;;;;;;;;;;;;;;;;;;;;;;;;;;;;;;;;;;;;;;;;6,5;6,5;;6,5;21,7;0,12;;;10,1376228775693;-25,7142843669899;-0,943080698209639;15,0329496;0,4332082;34,7014428628082
ROC6;1;Brouté;Témoin;Dis.sp;10;0,0427;1;1;1;3;1;1;1;2;2;3;1,6;0,0002;0,0071;1,7;1,8;2,7;3,4;3,6;3,1;4;1,8;2,4;3,1;2,76;0;0;0;0,8;0;0;0;0,2;0,7;0;0,17;;;;;;;;;;;;;;;;;;;;;;;;;;;;;;;;;;;;;;;;;;;;;;;;;;;;;;;;6,45;6,68;6,6;6,57666666666667;21,7;0,09;;;2,04561403508772;-23,3432059378765;-1,33046709252422;28,2531906;0,5481248;51,5451783973285
ROC6;1;Brouté;Témoin;Mee.tri;10;0,4221;3;1;1;2;3;1;1;1;1;1;1,5;0,001;0,0339;3,2;2,1;2;0,8;2,2;2,7;3,2;3;3,6;2,7;2,55;0;0,3;0;0,4;0,3;0;0,4;0,5;0;0,6;0,25;0,4;0,5;0,5;0,4;0,6;0,3;0,5;0,4;;;0,45;0,6;0,6;0,7;0,8;0,7;0,6;0,4;;;;0,6285714286;;;;;;;;;;;;;;;;;;;;;;;;;;;;;;;;;;6,86;6,87;;6,865;21,7;0,11;;;6,5044776119403;-24,4566683448396;-0,944084289904754;20,3422831;0,528938;38,4587288113163
ROC6;1;Brouté;Témoin;Aul.pal;1;0,1957;3;;;;;;;;;;3;0;0,04;3,4;;;;;;;;;;3,4;0;;;;;;;;;;0;;;;;;;;;;;;;;;;;;;;;;;;;;;;;;;;;;;;;;;;;;;;;;;;;;;;;;;;5,87;6,24;6,32;6,14333333333333;21,7;;1123;186;1,7433081674674;-25,6605995723685;-1,1217200199402;13,2371281;0,3171101;41,7430037706147
ROC6;1;Brouté;Témoin;Bry.pse;10;0,0603;1;1;1;1;1;1;1;1;1;2;1,1;0,0002;0,0142;1,4;1,5;0,9;1,7;1,8;1,2;1,3;1,7;1,4;1,7;1,46;0;0;0;0,2;0,1;0;0,3;0;0;0,2;0,08;;;;;;;;;;;;;;;;;;;;;;;;;;;;;;;;;;;;;;;;;;;;;;;;;;;;;;;;6,75;6,76;;6,755;21,7;;940;225;1,95918367346939;-26,1417743982347;-0,961145348721718;20,5346948;0,6273235;32,7338204291725
ROC6;6;Non Brouté;Exclos;Aul.tur;10;1,7225;1;4;1;3;4;4;1;2;1;1;2,2;0,0459;0,0604;4,8;5,7;5,4;7;8,8;8,5;4;4,6;3,5;4,4;5,67;4,8;1,3;3;3,5;2,5;4;3,2;1;1,5;4;2,88;;;;;;;;;;;;;;;;;;;;;;;;;;;;;;;;;;;;;;;;;;;;;;;;;;;;;;;;6;5,97;;5,985;21,7;0,05;;;16,405750798722;-25,7093135526731;0,905535204193118;36,9354621;0,738157;50,03740681183
ROC6;6;Non Brouté;Exclos;Aul.pal;10;3,0696;2;4;3;7;5;9;6;3;4;2;4,5;0,0292;0,2785;6,2;4,9;7,5;4,7;4,2;5,3;4,5;4,7;4,7;4,9;5,16;0,5;0,7;1,7;0,5;0,6;0,8;1,2;1,3;2;0,5;0,98;;;;;;;;;;;;;;;;;;;;;;;;;;;;;;;;;;;;;;;;;;;;;;;;;;;;;;;;6,43;6,25;;6,34;21,7;0,06;;;28,532477947073;-26,7203771847101;0,171909675063685;25,2011545;0,775147;32,5114520213585
ROC6;6;Non Brouté;Exclos;Poh.nut;10;0,082;2;1;5;5;1;3;1;3;1;2;2,4;0,0018;0,0067;2,9;2,5;3,5;1,3;2,5;2,6;2,3;1,5;2,3;1,1;2,25;0;1;0;0,3;0,6;0,5;0,8;0,3;0,8;0;0,43;;;;;;;;;;;;;;;;;;;;;;;;;;;;;;;;;;;;;;;;;;;;;;;;;;;;;;;;5,86;5,82;;5,84;21,7;0,07;490;222;1,91025641025641;-25,5741074032562;-0,282717362823638;29,5103836;1,0195583;28,9442826369027
ROC6;6;Brouté;Témoin;Aul.pal;10;2,3614;11;6;10;7;4;4;6;9;8;5;7;0,0358;0,1781;5;3,5;5,5;7;5;4,7;5,7;5,2;4;4,3;4,99;0,9;0,7;0,8;1;1;1,2;1,3;1,3;1;0,5;0,97;;;;;;;;;;;;;;;;;;;;;;;;;;;;;;;;;;;;;;;;;;;;;;;;;;;;;;;;6,03;5,99;;6,01;21,7;0,08;;;27,8313444709626;-25,3593682247704;0,36259209713563;26,1325988;0,7195116;36,3199131188434
ROC6;6;Brouté;Témoin;Sco.rev;10;0,8191;2;11;20;1;2;1;2;1;1;2;4,3;0,0006;0,0806;3;4,3;4,3;3;2,5;3,3;2,5;3;3,2;2,3;3,14;0;0;0;0;0;0;0,5;0,7;0;0;0,12;;;;;;;;;;;;;;;;;;;;;;;;;;;;;;;;;;;;;;;;;;;;;;;;;;;;;;;;6,44;6,12;6,01;6,19;21,7;0,11;;;10,804248861912;-26,8406708911767;0,645604955158202;21,4505446;0,8463203;25,3456576664887
ROC6;6;Brouté;Témoin;Phi.tom;10;0,1349;2;1;2;3;2;7;1;1;2;4;2,5;0;0,0284;2,5;3,6;3;3,2;4,7;2,5;5,5;2;2;2,8;3,18;0;0;0;0;0;0;0;0;0;0;0;;;;;;;;;;;;;;;;;;;;;;;;;;;;;;;;;;;;;;;;;;;;;;;;;;;;;;;;6,38;6,34;;6,36;21,7;0,11;;;3,5832083958021;-27,2631901081046;-0,0528948646421877;20,161814;0,7501344;26,8776022003524
ROC6;6;Brouté;Témoin;Bry.pse;9;0,0929;1;1;1;2;2;3;1;1;1;;1,44444444444444;0,0009;0,017;2;2;2,9;2,2;2,3;2,5;1,3;1,7;1,3;;2,02222222222222;0,5;0;0;0,3;0;0,5;0;0;0;;0,144444444444444;;;;;;;;;;;;;;;;;;;;;;;;;;;;;;;;;;;;;;;;;;;;;;;;;;;;;;;;5,45;5,72;5,67;5,61333333333333;21,7;;841;510;2,08682855040471;-26,2849338505585;0,674709114316552;28,8665173;1,1743645;24,5805431788853
ROC6;10;Non Brouté;Exclos;Phi.tom;10;0,1699;1;3;2;2;1;1;3;4;2;3;2,2;0,0036;0,0218;3;2,3;3,1;2,6;1,9;2,2;1,8;3,1;3,1;4,1;2,72;1,1;0,9;0;1,3;0;0;0,8;1,1;0;1,2;0,64;;;;;;;;;;;;;;;;;;;;;;;;;;;;;;;;;;;;;;;;;;;;;;;;;;;;;;;;6,56;6,55;;6,555;21,4;0,13;;;3,23952095808383;-26,7402604419773;-0,883868788197824;22,8616691;0,6720346;34,0185893702497
ROC6;10;Non Brouté;Exclos;Bry.pse;10;0,0724;1;1;1;1;1;1;1;1;1;3;1,2;0;0,0123;1,2;2,1;1,6;2,4;1,8;2,1;1,7;2;2,7;2,5;2,01;0;0;0;0;0;0;0;0;0;0;0;;;;;;;;;;;;;;;;;;;;;;;;;;;;;;;;;;;;;;;;;;;;;;;;;;;;;;;;6,75;7,19;7,09;7,01;21,4;0,17;;;1,82466567607727;-26,1397860725079;-0,979209999233797;22,3597004;0,9670077;23,122567069528
ROC6;10;Non Brouté;Exclos;Sco.rev;5;0,068;1;1;1;1;2;;;;;;1,2;0,0001;0,0057;1,6;1,6;1,3;1,5;1,1;;;;;;1,42;0;0;0;0,2;0,3;;;;;;0,1;;;;;;;;;;;;;;;;;;;;;;;;;;;;;;;;;;;;;;;;;;;;;;;;;;;;;;;;7,02;6,9;;6,96;21,4;0,18;;;0,911357340720222;-26,4519532116029;-1,00630697500192;19,8164522;0,6514094;30,4208876936685
ROC6;10;Non Brouté;Exclos;Rhi.pun;5;0,1217;1;2;1;1;3;;;;;;1,6;0,0001;0,0169;0,9;1,6;1,2;2,1;1,9;;;;;;1,54;0;0,5;0;0;0;;;;;;0,1;;;;;;;;;;;;;;;;;;;;;;;;;;;;;;;;;;;;;;;;;;;;;;;;;;;;;;;;;;;;;;1420;254;1,84228890439637;-26,3744085082609;-1,42480471186508;25,8886058;1,0280685;25,1817907075258
ROC6;10;Non Brouté;Exclos;Aul.pal;10;0,8997;4;8;2;9;1;5;2;2;6;16;5,5;0,0144;0,1156;2,7;2,3;2,1;2,9;3,7;2,4;1,3;1,2;4,3;2,9;2,58;0,8;0,8;0,3;1,3;0;0,4;0,5;0,2;0,6;0,7;0,56;;;;;;;;;;;;;;;;;;;;;;;;;;;;;;;;;;;;;;;;;;;;;;;;;;;;;;;;7,3;7;;7,15;21,4;;1344;518;10,0265548567435;-25,4021172278949;-0,983224366014259;17,7148562;0,534743;33,1277944732329
ROC6;10;Non Brouté;Exclos;Dre.arc;9;0,1159;1;1;1;1;1;1;1;2;2;;1,22222222222222;0,002;0,0169;2,3;2,2;1,8;1,7;1,6;4;2,4;3,2;3,3;;2,5;2,1;0;0;0;0;1,6;0;0;0;;0,411111111111111;;;;;;;;;;;;;;;;;;;;;;;;;;;;;;;;;;;;;;;;;;;;;;;;;;;;;;;;6,81;6,6;;6,705;21,4;;1202;392;2,34343434343434;-26,6338850155978;-1,33448145930468;20,3725285;0,7341474;27,7499157526132
ROC6;10;Brouté;Témoin;Aul.pal;1;0,2619;9;;;;;;;;;;9;0,0032;0,0264;2,6;;;;;;;;;;2,6;0,9;;;;;;;;;;0,9;;;;;;;;;;;;;;;;;;;;;;;;;;;;;;;;;;;;;;;;;;;;;;;;;;;;;;;;;;;;;;;;1,93305930710511;-26,33035523;8,294261135;19,9782116;0,711867843;28,06449518
ROC6;10;Brouté;Témoin;Aul.tur;9;0,5389;1;1;3;1;1;1;1;2;3;;1,55555555555556;0,004;0,0833;3,8;2,6;4,2;2,3;2,4;2,8;3;2,6;3,8;;3,05555555555556;0,1;0;0,2;0;0;0;0,1;0,2;0,2;;0,0888888888888889;;;;;;;;;;;;;;;;;;;;;;;;;;;;;;;;;;;;;;;;;;;;;;;;;;;;;;;;;;;;;0,13;;;6,47380410022779;-25,48691377;9,486714245;17,8764029;0,401736241;44,49785969
ROC6;10;Brouté;Témoin;Bry.pse;10;0,0532;1;1;1;1;1;1;1;1;1;2;1,1;0;0,0093;1,3;1,2;1;1,9;1,4;2,1;1,8;1,5;2,2;2,3;1,67;0;0;0;0;0;0;0;0;0;0;0;;;;;;;;;;;;;;;;;;;;;;;;;;;;;;;;;;;;;;;;;;;;;;;;;;;;;;;;6,63;6,8;;6,715;21,5;0,24;;;1,42649524874231;-25,9737608743268;-0,821646103100663;20,3259243;0,7567464;26,8596247038638
ROC6;10;Brouté;Témoin;Sco.rev;3;0,0933;2;3;2;;;;;;;;2,33333333333333;0,0006;0,0093;1,8;2,1;2,2;;;;;;;;2,03333333333333;0;0,2;0,5;;;;;;;;0,233333333333333;;;;;;;;;;;;;;;;;;;;;;;;;;;;;;;;;;;;;;;;;;;;;;;;;;;;;;;;7,32;7,44;;7,38;21,4;;;;1,3595064498037;-25,6794886667723;-0,691179182735648;15,4764742;0,6269584;24,6850097231331
ROC6;10;Brouté;Témoin;Sco.cos;5;0,0189;1;1;1;2;2;;;;;;1,4;0;0,0031;2,5;1,3;1,6;1,7;0,7;;;;;;1,56;0;0;0;0;0;;;;;;0;;;;;;;;;;;;;;;;;;;;;;;;;;;;;;;;;;;;;;;;;;;;;;;;;;;;;;;;7;6,81;;6,905;21,4;0,24;;;0,637045585689556;-25,5492533316722;-1,04544705111142;15,1871585;0,5505774;27,5840572097583
ROC6;10;Brouté;Témoin;Phi.tom;7;0,0937;4;1;1;3;4;3;9;;;;3,57142857142857;0,0006;0,0144;2,7;3;3,5;2,3;1,4;1,4;2,5;;;;2,4;0,2;0;0;0;0,5;0,4;0,8;;;;0,271428571428571;;;;;;;;;;;;;;;;;;;;;;;;;;;;;;;;;;;;;;;;;;;;;;;;;;;;;;;;6,68;6,75;;6,715;21,4;;1206;478;2,10011641443539;-26,6468091328215;-1,38064667728;19,4849938;0,7321124;26,614757242194
ROC6;14;Non Brouté;Exclos;Aul.tur;10;0,3092;1;1;1;1;1;1;1;1;1;2;1,1;0,0051;0,0218;4,1;3,9;3,5;3,4;4,6;3,5;4,2;5;2,3;2,1;3,66;1,7;1;1,6;1,3;0;0,3;1,2;1,4;0;0;0,85;;;;;;;;;;;;;;;;;;;;;;;;;;;;;;;;;;;;;;;;;;;;;;;;;;;;;;;;5,89;6,16;;6,025;21,5;0,07;;;6,5041782729805;-25,9588484313764;1,71744088554156;37,6115471;0,7870176;47,7899695000468
ROC6;14;Non Brouté;Exclos;Aul.pal;;;;;;;;;;;;;;;;;;;;;;;;;;;;;;;;;;;;;;;;;;;;;;;;;;;;;;;;;;;;;;;;;;;;;;;;;;;;;;;;;;;;;;;;;;;;;5,7;5,67;;5,685;21,5;0,08;;;;-25,8733504251275;1,66726130078578;29,6323438;0,6749597;43,9023897278608
ROC6;14;Brouté;Témoin;Phi.tom;10;0,2126;10;11;8;5;5;1;4;6;4;4;5,8;0;0,0245;2;3,5;3,4;1,5;2,3;1,5;3,3;3;3,1;3,5;2,71;0;0;0;0;0;0;0;0;0;0;0;;;;;;;;;;;;;;;;;;;;;;;;;;;;;;;;;;;;;;;;;;;;;;;;;;;;;;;;5,5;5,68;;5,59;21,5;0,1;;;5,48571428571429;-26,0373872975819;-0,935051964648715;31,9431205;0,9601879;33,2675724199399
ROC6;14;Brouté;Témoin;Bra.alb;10;0,5614;9;2;7;5;9;11;8;6;6;3;6,6;0,0163;0,0177;3,1;2,9;3,1;3,1;3,2;3,7;3,2;1,3;2,5;3,1;2,92;2,2;1,6;1,3;1,7;1,4;1,2;2,2;0,6;1,5;2;1,57;;;;;;;;;;;;;;;;;;;;;;;;;;;;;;;;;;;;;;;;;;;;;;;;;;;;;;;;6,82;6,5;6,43;6,58333333333333;21,5;0,1;;;9,3840830449827;-25,8564496564504;-0,405155549627729;32,42228;1,082936;29,9392392532892
ROC6;14;Brouté;Témoin;Aul.pal;10;0,1858;5;2;5;3;3;3;4;1;1;3;3;0,002;0,0197;2,1;1,7;2,2;2,3;2;1,2;2,4;1,7;1,7;1,3;1,86;0,4;0,4;0,8;0;0;0;0,5;0;0;0;0,21;;;;;;;;;;;;;;;;;;;;;;;;;;;;;;;;;;;;;;;;;;;;;;;;;;;;;;;;6,17;6,09;;6,13;21,6;0,12;;;3,51134380453752;-25,4876152341438;-1,31942758387795;29,6774522;1,0882984;27,2695909504232
ROC7;1;Non Brouté;Exclos;Tom.nit;10;1,5;16;12;9;10;13;9;15;11;23;11;12,9;0,0419;0,155;3,8;3;4;4,5;2,7;3;3,6;2,6;3,1;4,1;3,44;0,8;1;1,1;0;0,6;0;0,5;0,6;0,8;1,1;0,65;;;;;;;;;;;;;;;;;;;;;;;;;;;;;;;;;;;;;;;;;;;;;;;;;;;;;;;;6,14;6,24;;6,19;21,6;0,08;;;17,1711612548156;-26,267038919018;-1,59942966681518;25,9075886;0,5440429;47,62048838428
ROC7;1;Non Brouté;Exclos;Aul.pal;5;1,5218;4;9;6;4;7;;;;;;6;0,0145;0,1917;6,3;3,8;2,7;3;2,7;;;;;;3,7;0,2;0,5;0,9;0,5;0,7;;;;;;0,56;;;;;;;;;;;;;;;;;;;;;;;;;;;;;;;;;;;;;;;;;;;;;;;;;;;;;;;;6,31;6,29;;6,3;21,7;0,09;;;12,5386473429952;-28,5247827817084;-0,562719445760863;25,0854534;0,6663084;37,6484123568005
ROC7;1;Brouté;Témoin;Bry.pse;10;0,0741;2;2;2;2;1;1;1;1;1;1;1,4;0,0025;0,0095;1,5;1,5;1,2;2,2;1,8;1,8;1,4;1,8;1,6;1,6;1,64;0,3;0,8;0,8;0,6;0,8;0,6;0,6;0,1;0,7;0,1;0,54;;;;;;;;;;;;;;;;;;;;;;;;;;;;;;;;;;;;;;;;;;;;;;;;;;;;;;;;6,9;6,88;;6,89;21,6;0,16;;;1,9846244825547;-26,952017131873;-1,38064667728;28,7220048;0,9163479;31,3439958775483
ROC7;1;Brouté;Témoin;Sco.cos;10;0,1435;2;1;1;4;1;3;3;2;2;2;2,1;0,0005;0,0165;1,8;2;1,7;3;2,1;2,4;1,9;2,8;2,3;2;2,2;0,5;0,1;0;0,2;0,2;0,2;0;0,4;0,2;0;0,18;;;;;;;;;;;;;;;;;;;;;;;;;;;;;;;;;;;;;;;;;;;;;;;;;;;;;;;;;;;;;;;;3,3566765578635;-26,87501661;9,034482028;24,6129126;0,95503379;25,77177147
ROC7;1;Brouté;Témoin;Rhi.pun;3;0,0836;2;1;1;;;;;;;;1,33333333333333;0,0008;0,0079;2,5;1,6;1,7;;;;;;;;1,93333333333333;0,5;0,9;0,8;;;;;;;;0,733333333333333;;;;;;;;;;;;;;;;;;;;;;;;;;;;;;;;;;;;;;;;;;;;;;;;;;;;;;;;;;;;;;1648;726;1,5159386068477;-26,4927138890007;-1,51512796442548;26,3632909;0,994237;26,5161032027575
ROC7;1;Brouté;Témoin;V;3;0,1397;3;1;2;;;;;;;;2;0,0028;0,0098;3,2;2;2,5;;;;;;;;2,56666666666667;0,2;1,6;0,5;;;;;;;;0,7666666667;;;;;;;;;;;;;;;;;;;;;;;;;;;;;;;;;;;;;;;;;;;;;;;;;;;;;;;;;;;;;;852;439;2,65179095713447;-26,77901515;9,104229285;32,1305385;0,991507591;32,40574127
ROC7;4;Non Brouté;Exclos;Aul.pal;10;0,7465;6;4;5;2;5;4;2;1;3;2;3,4;0,031;0,1185;4;2,3;3,5;6;3,3;3,5;3;3,6;2;2,3;3,35;1;1,3;0,8;0,7;1;1,5;1,3;0,8;1,3;1;1,07;;;;;;;;;;;;;;;;;;;;;;;;;;;;;;;;;;;;;;;;;;;;;;;;;;;;;;;;4,5;4,84;5,07;4,803333333;21,7;0,05;;;14,0027855153203;-26,9917836464074;-0,782506026991158;26,6617624;0,5831617;45,7193303332506
ROC7;4;Non Brouté;Exclos;Tom.nit;5;1,6513;9;20;17;29;18;;;;;;18,6;0,0454;0,0909;4;4,3;3,2;1,5;1,5;;;;;;2,9;0,5;1,5;1,2;;;;;;;;1,066666667;;;;;;;;;;;;;;;;;;;;;;;;;;;;;;;;;;;;;;;;;;;;;;;;;;;;;;;;;;;;;;311;304;14,0091205211726;-27,7036042565731;-0,233541369762978;38,0042238;0,8372455;45,3919714110139
ROC7;4;Brouté;Témoin;Aul.pal;10;1,843;4;5;2;4;2;2;4;10;4;1;3,8;0,023;0,1404;5;4,9;5;5,5;4,6;5,2;4,8;4,5;4,5;3,3;4,73;0,8;0,9;0,8;1;0,9;0,7;0,7;1;1;0,7;0,85;;;;;;;;;;;;;;;;;;;;;;;;;;;;;;;;;;;;;;;;;;;;;;;;;;;;;;;;5,65;5,38;5,53;5,52;21,6;0,08;;;22,617050067659;-26,2292607302103;0,778079058913449;29,7687871;0,7011463;42,4573118334932
ROC7;4;Brouté;Témoin;Sco.cos;10;0,296;5;1;3;3;1;4;1;1;1;1;2,1;0,0002;0,0282;3,4;3;2,5;4,2;1,5;2,7;2,7;2,5;2,8;3,7;2,9;0;0;0;0,8;0;0;1,4;0,5;1,2;1,5;0,54;;;;;;;;;;;;;;;;;;;;;;;;;;;;;;;;;;;;;;;;;;;;;;;;;;;;;;;;5,62;5,88;5,31;5,60333333333333;21,7;0,13;;;6,25928521373511;-26,84166505404;0,0655289553814415;29,564204;1,0679766;27,6824454768016
ROC7;4;Brouté;Témoin;Sco.rev;8;0,4521;2;4;3;2;2;2;1;2;;;2,25;0;0,0423;2,2;2,7;2,7;3,2;2,5;5;2,7;1,2;;;2,775;0;0;0;0;0;0;0;0;;;0;;;;;;;;;;;;;;;;;;;;;;;;;;;;;;;;;;;;;;;;;;;;;;;;;;;;;;;;5,93;5,8;;5,865;21,7;;1000;506;6,58591549295775;-26,7313129762071;-0,459349501163966;24,3483516;0,9860268;24,693397380274
ROC7;4;Brouté;Témoin;Cal.ric;9;0,2829;1;1;1;1;1;2;2;1;;;1,25;0,002;0,023;2,5;1,5;2;1,5;2,2;2,3;4;1,6;;;1,95555555555556;1,8;0;0;0;0;0;0;1,2;;;0,375;;;;;;;;;;;;;;;;;;;;;;;;;;;;;;;;;;;;;;;;;;;;;;;;;;;;;;;;6,16;5,79;5,91;5,95333333333333;21,5;;932;476;4,5943661971831;-26,863536637034;-0,475406968285814;26,3494631;1,0345809;25,4687314447812
ROC7;6;Non Brouté;Exclos;Poh.nut;10;0,1309;1;3;2;5;2;4;1;1;2;3;2,4;0,0058;0,0078;2,3;3,3;4,6;3,5;3,4;2,1;2,9;6,2;3,2;4,1;3,56;0,7;1,2;3;1,3;0,9;0,8;0,5;0,6;0,4;0,7;1,01;;;;;;;;;;;;;;;;;;;;;;;;;;;;;;;;;;;;;;;;;;;;;;;;;;;;;;;;5,57;5,36;;5,465;21,7;0,06;;;3,78348369188064;-28,0595145616559;-0,0308158473496467;37,5321024;1,294327;28,9973881407094
ROC7;6;Non Brouté;Exclos;Aul.pal;9;0,3544;6;1;4;5;3;2;6;1;5;;3,66666666666667;0,0126;0,0317;2,8;6,2;4,3;3,4;2,8;3,2;2,7;5,4;2,4;;3,68888888888889;1,1;2,5;1,6;1,1;1,1;1;0,9;1,3;1;;1,28888888888889;;;;;;;;;;;;;;;;;;;;;;;;;;;;;;;;;;;;;;;;;;;;;;;;;;;;;;;;5,2;5,6;5,82;5,54;21,7;0,04;;;7,75647305808257;-28,048578770159;0,156855799636952;30,0353591;1,0701256;28,0671344559928
ROC7;6;Non Brouté;Exclos;Aul.tur;7;0,7154;3;4;2;3;3;5;6;;;;3,71428571428571;0,0184;0,0669;4,4;4,1;6,7;5,1;4,3;3,5;3,8;;;;4,55714285714286;0,9;1,1;2,9;1,8;1,4;1;1,1;;;;1,45714285714286;;;;;;;;;;;;;;;;;;;;;;;;;;;;;;;;;;;;;;;;;;;;;;;;;;;;;;;;5,34;4,49;4,56;4,79666666666667;21,7;0,05;;;13,1652892561983;-27,4411452606461;0,0133421872354353;28,9131538;0,934661;30,9343749231005
ROC7;6;Brouté;Témoin;Bry.pse;10;0,3484;6;5;3;6;4;4;1;1;9;11;5;0,0028;0,0415;1,3;1,8;2,1;2;1,8;1,1;1,7;1,5;1,1;1,4;1,58;0,2;0,7;1,8;0,7;0,9;0;0;0;0;0;0,43;;;;;;;;;;;;;;;;;;;;;;;;;;;;;;;;;;;;;;;;;;;;;;;;;;;;;;;;5,63;6,21;6,14;5,99333333333333;21,7;0,13;;;4,8854748603352;-26,4827722603671;2,1279098888438;20,1608614;1,0263115;19,6439983377366
ROC7;10;Non Brouté;Exclos;Poh.nut;9;0,0688;2;1;4;2;1;5;1;4;1;;2,33333333333333;0,0041;0,0042;2,6;2;1,7;2,2;3,5;3;4;2,9;3,6;;2,83333333333333;1,5;0,8;1,1;1,5;0,5;1,8;0,7;0,4;1,1;;1,04444444444444;;;;;;;;;;;;;;;;;;;;;;;;;;;;;;;;;;;;;;;;;;;;;;;;;;;;;;;;5,33;5,39;;5,36;21,7;0,13;;;2,2510460251046;-26,6547624357284;-2,70639130652758;35,0178311;0,9969129;35,1262694062841
ROC7;10;Non Brouté;Exclos;Hep.sp;10;0,1496;1;1;1;1;1;1;1;1;1;1;1;0,0108;0;2,5;3,1;3,9;2,9;3,3;3,3;2,7;3;3,4;3,6;3,17;;;;;;;;;;;0;;;;;;;;;;;;;;;;;;;;;;;;;;;;;;;;;;;;;;;;;;;;;;;;;;;;;;;;8,88;7,53;7,14;7,85;21,6;0,1;;;2,9747191011236;-28,5744909248763;-2,80072892586843;36,0571333;0,8764612;41,1394518091617
ROC7;10;Non Brouté;Exclos;Aul.pal;3;0,4794;2;3;5;;;;;;;;3,33333333333333;0,0215;0,0216;3,8;4,7;4,1;;;;;;;;4,2;1,7;2,2;1,6;;;;;;;;1,83333333333333;;;;;;;;;;;;;;;;;;;;;;;;;;;;;;;;;;;;;;;;;;;;;;;;;;;;;;;;4,72;5,01;4,75;4,82666666666667;21,7;0,21;;;7,32299012693935;-26,6050542925604;-2,51671247615075;21,798348;0,6465431;33,7152279561873
ROC7;10;Brouté;Témoin;Poh.nut;10;0,0216;1;1;1;1;2;2;3;3;4;3;2,1;0,0004;0,0031;1,1;1,2;1,1;1,6;2;1,1;1,2;1,4;2,3;1,2;1,42;0;0;0;0;0,1;0,2;0,3;0,2;0,4;0,5;0,17;;;;;;;;;;;;;;;;;;;;;;;;;;;;;;;;;;;;;;;;;;;;;;;;;;;;;;;;;;;;;0,21;;;0,864714086471409;-27,2194469421168;-1,57634705782752;28,0312429;0,8988814;31,1845844179221
ROC7;10;Brouté;Témoin;Aul.pal;3;0,3168;1;2;7;;;;;;;;3,33333333333333;0,0031;0,0274;1,2;2;2,9;;;;;;;;2,03333333333333;0,4;0;0,5;;;;;;;;0,3;;;;;;;;;;;;;;;;;;;;;;;;;;;;;;;;;;;;;;;;;;;;;;;;;;;;;;;;4,48;5,01;4,73;4,74;21,7;;1082;269;2,84722222222222;-27,2771083881917;-1,15784932096436;28,5644268;0,9414591;30,3405923847356
ROC7;10;Brouté;Témoin;Rhi.pun;4;0,1767;1;1;1;1;;;;;;;1;0,0064;0,002;1;1,1;1,2;1,4;;;;;;;1,175;1;0,8;0,8;0,5;;;;;;;0,775;;;;;;;;;;;;;;;;;;;;;;;;;;;;;;;;;;;;;;;;;;;;;;;;;;;;;;;;5,08;4,87;4,93;4,96;21,7;;1224;331;1,99020293911826;-26,5980951525169;-1,26222285725637;26,6336186;1,1637888;22,8852680142651
ROC7;10;Brouté;Témoin;Pol.sp;9;0,2675;1;1;1;1;1;1;1;1;1;;1;0,0083;0,0242;1,3;2,2;2,6;2,9;1,6;4,3;2,1;1,9;0,8;;2,18888888888889;0;0;0;0;0,5;0;0;1;0;;0,166666666666667;0,4;0,7;0,8;0,9;0,7;1;;;;;0,75;0,7;0,5;;;0,3;0,4;;;;;0,475;0,6;;;;0,5;;;;;;0,55;;;;;;;;;;;;;;;;;;;;;;;;;;;;;869;169;4,01970443349754;-27,9342500408726;-1,78910849719201;38,4877262;1,1638752;33,068602372488
ROC7;10;Brouté;Témoin;Poh.nut+Aul.pal+Bra.alb;7;0,0157;1;1;1;1;1;1;2;;;;1,14285714285714;0,0011;0,001;1,1;1,2;1,3;1,4;1,9;0,8;1,7;;;;1,34285714285714;0,3;0,6;0,1;0,3;0,9;0,6;0,5;;;;0,471428571428571;;;;;;;;;;;;;;;;;;;;;;;;;;;;;;;;;;;;;;;;;;;;;;;;;;;;;;;;5,13;5,03;;5,08;21,7;;810;287;0,429473684210526;-25,9737608743268;-1,19498221368363;34,5698445;1,3512461;25,5836775403089
ROC7;14;Non Brouté;Exclos;Aul.tur;9;0,5334;1;4;1;3;2;3;2;3;2;;2,33333333333333;0,0313;0,026;5,2;6,5;5;7,7;5,7;4,2;4,3;4,2;3;;5,088888889;4,2;3,7;3,5;4;1;2;3,5;2,8;1,2;;2,87777777777778;;;;;;;;;;;;;;;;;;;;;;;;;;;;;;;;;;;;;;;;;;;;;;;;;;;;;;;;5,56;5,24;5,21;5,33666666666667;21,7;0,05;;;11,4923733984137;-27,4650051693667;0,284311944916621;35,4622263;1,0936242;32,4263364874332
ROC7;14;Non Brouté;Exclos;Aul.pal;9;0,5203;3;1;1;3;2;1;1;2;1;;1,66666666666667;0,0231;0,0365;5;4,5;8,3;4,2;5,5;3,7;6,3;8,5;4;;5,55555555555556;1;2;3,5;3;2;2;0,8;3,5;1,5;;2,14444444444444;;;;;;;;;;;;;;;;;;;;;;;;;;;;;;;;;;;;;;;;;;;;;;;;;;;;;;;;5;5,03;;5,015;21,7;0,06;;;10,239039039039;-27,60090526;5,985851907;36,3063395;1,10028725;32,99714638
ROC7;14;Brouté;Témoin;Aul.pal;10;1,1108;1;2;1;3;2;2;2;5;5;3;2,6;0,0204;0,0622;3,6;5;5,5;6;4,1;5;3;4;4,8;5,6;4,66;0;1,2;1,5;1,5;1,3;1;1,2;1,5;0,5;1;1,07;;;;;;;;;;;;;;;;;;;;;;;;;;;;;;;;;;;;;;;;;;;;;;;;;;;;;;;;4,93;4,94;;4,935;21,6;0,08;;;14,7510447761194;-26,61052278;2,399492931;31,4821088;0,917262638;34,32180441
ROC7;14;Brouté;Témoin;Aul.tur;10;0,739;2;3;7;5;2;5;3;3;2;1;3,3;0,0211;0,0344;4,5;4,2;4,5;5,3;5,3;3,5;4,5;3;2,8;2,2;3,98;3;2;2;0,5;1,5;0,8;2,5;1,2;0,5;0;1,4;;;;;;;;;;;;;;;;;;;;;;;;;;;;;;;;;;;;;;;;;;;;;;;;;;;;;;;;5;5,04;;5,02;21,7;0,08;;;11,046357615894;-25,8609404336549;0,3493295339472;36,2541053;0,9510821;38,1187967894675
ROC8;1;Non Brouté;Exclos;Sco.rev;10;0,3741;1;1;1;1;2;2;2;3;3;4;2;0,0025;0,0497;1,8;2,5;2,3;1,9;2,6;2,3;2,9;3;2,3;1,9;2,35;0;0;0;0;0;0,4;0,2;0,4;0,3;0,7;0,2;;;;;;;;;;;;;;;;;;;;;;;;;;;;;;;;;;;;;;;;;;;;;;;;;;;;;;;;5,92;5,7;;5,81;21,7;0,13;;;5,08874329958308;-25,5926791978848;-1,0323035348421;18,1845576;0,519404;35,0104304164003
ROC8;1;Non Brouté;Exclos;Cin.lat;10;0,4888;2;3;2;1;1;2;2;1;1;1;1,6;0,0012;0,0622;1,8;2;2,2;1,8;2,5;2,7;2,3;1,9;2;1;2,02;0,1;0;0,4;0,3;0;0;0,5;0;0,5;0;0,18;;;;;;;;;;;;;;;;;;;;;;;;;;;;;;;;;;;;;;;;;;;;;;;;;;;;;;;;6,21;6,33;;6,27;21,7;0,12;;;5,10460251046025;-25,7827388187994;-0,790853095636203;14,1793215;0,4999475;28,3616209702019
ROC8;1;Non Brouté;Exclos;Bry.pse;10;0,1098;2;3;3;3;3;3;2;4;2;2;2,7;0,0003;0,0222;1,8;1,5;2,6;2,7;2;2,7;2,6;2;1,8;1,6;2,13;0,3;0,6;0,6;0;0;0;0;0;0;0;0,15;;;;;;;;;;;;;;;;;;;;;;;;;;;;;;;;;;;;;;;;;;;;;;;;;;;;;;;;5,29;5,09;;5,19;21,7;0,11;;;2,1624184943687;-25,4283568173024;-0,89919624143372;17,2642441;0,5497372;31,4045403876616
ROC8;1;Non Brouté;Exclos;Aul.pal;6;0,6714;4;2;1;3;1;3;;;;;2,33333333333333;0,0042;0,0937;3,4;3,1;2,5;2,6;2,1;2,4;;;;;2,68333333333333;0,2;0,5;0,6;0;0,3;0;;;;;0,266666666666667;;;;;;;;;;;;;;;;;;;;;;;;;;;;;;;;;;;;;;;;;;;;;;;;;;;;;;;;6,77;6,79;;6,78;21,6;0,11;;;5,40798094103633;-26,5122905928311;-1,0323035348421;15,2830378;0,3499218;43,6755806583071
ROC8;1;Brouté;Témoin;Bry.pse;10;0,1696;1;3;2;3;1;3;3;1;2;6;2,5;0,0011;0,032;2,5;2,4;1,8;1,3;1,1;2;2,2;1,9;1,3;2;1,85;0,7;0,4;0,6;0,1;0;0;0;0,5;0,5;0,6;0,34;;;;;;;;;;;;;;;;;;;;;;;;;;;;;;;;;;;;;;;;;;;;;;;;;;;;;;;;5,96;5,94;;5,95;21,6;0,13;;;3,00409276944066;-26,1608782729108;-1,04365376916374;18,6105736;0,834526;22,3007714558923
ROC8;1;Brouté;Témoin;Cin.lat;10;0,2717;2;3;3;2;1;4;1;1;1;1;1,9;0,0002;0,031;1,6;1,4;1,2;1,4;1,5;1,2;2,1;1,6;1,2;2,8;1,6;0;0;0;0;0;0,3;0;0,4;0;0,3;0,1;;;;;;;;;;;;;;;;;;;;;;;;;;;;;;;;;;;;;;;;;;;;;;;;;;;;;;;;4,6;4,86;4,97;4,81;21,7;0,14;;;3,42586323628978;-26,3647964078504;-1,21597096295599;18,8105647;0,8500385;22,1290738007749
ROC8;1;Brouté;Témoin;Sco.rev;10;0,2099;2;3;2;1;1;1;1;1;2;2;1,6;0,0012;0,0282;2,6;2,4;3,3;2,7;1,5;1,9;2,1;1,4;2,4;2,6;2,29;0,3;0,4;0,6;0,7;0;0;0;0;0,5;0;0,25;;;;;;;;;;;;;;;;;;;;;;;;;;;;;;;;;;;;;;;;;;;;;;;;;;;;;;;;4,96;4,96;;4,96;21,7;0,12;;;4;-26,1153431554;-1,42956173609967;22,1301803;0,7624854;29,0237430119973
ROC8;1;Brouté;Témoin;Aul.tur;2;0,091;1;2;;;;;;;;;1,5;0,0023;0,0067;1,9;1,8;;;;;;;;;1,85;1,7;0,3;;;;;;;;;1;;;;;;;;;;;;;;;;;;;;;;;;;;;;;;;;;;;;;;;;;;;;;;;;;;;;;;;;5;5,17;;5,085;21,6;;807;461;0,971428571428572;-25,3899327;9,059231055;21,1098587;0,775643555;27,21592742
ROC8;4;Non Brouté;Exclos;Sco.rev;10;0,396;3;2;1;1;4;2;4;5;2;3;2,7;0,0019;0,0514;2,2;3;1,9;1,8;2;1,9;2,3;1,8;2,3;2;2,12;0,6;0;0,3;0,2;0,2;0;0,1;0;0;0;0,14;;;;;;;;;;;;;;;;;;;;;;;;;;;;;;;;;;;;;;;;;;;;;;;;;;;;;;;;6,04;6,13;;6,085;21,7;0,1;;;5,33423362592843;-26,5548560287651;0,515455690836727;12,3074427;0,3501496;35,149098271139
ROC8;4;Non Brouté;Exclos;Sco.cos;10;0,0645;4;2;2;2;2;1;3;1;1;1;1,9;0,005;0,005;1,5;1,3;1,9;1,8;2;1;1,6;1,3;1,9;1,3;1,56;1,3;0,8;0;0;1,2;0,7;0,5;0,8;1,3;0,6;0,72;;;;;;;;;;;;;;;;;;;;;;;;;;;;;;;;;;;;;;;;;;;;;;;;;;;;;;;;;;;;;;976;442;1,29380053908356;-26,94358909;7,275051213;30,6101129;0,640376633;47,80017143
ROC8;4;Non Brouté;Exclos;Cal.ric;5;0,1115;4;1;3;5;2;;;;;;3;0,0053;0,0094;2,3;2,5;3,2;3,6;1,9;;;;;;2,7;1,3;1,2;0,8;0,7;1,8;;;;;;1,16;;;;;;;;;;;;;;;;;;;;;;;;;;;;;;;;;;;;;;;;;;;;;;;;;;;;;;;;6,22;6,39;;6,305;21,7;;932;291;2,04158283031522;-27,3180641940003;-0,388435696959708;16,4015242;0,5034672;32,5771454426425
ROC8;4;Non Brouté;Exclos;Bra.alb;3;0,1299;4;4;3;;;;;;;;3,66666666666667;0,003;0,0099;3,5;1,8;3,5;;;;;;;;2,93333333333333;0;0,7;1,1;;;;;;;;0,6;;;;;;;;;;;;;;;;;;;;;;;;;;;;;;;;;;;;;;;;;;;;;;;;;;;;;;;;;;;;;;898;694;1,81448882870684;-27,4190333676112;-0,140794220851095;18,3332414;0,4886957;37,5146362040836
ROC8;4;Brouté;Témoin;Bry.pse;10;0,0713;1;4;2;1;1;1;1;2;2;3;1,8;0,0012;0,0114;1,5;1,3;1,4;1,9;1,5;1,5;1,3;1,6;1,5;1,3;1,48;0,5;0,3;0,3;0,4;0,5;0,5;0,4;0,5;0,5;0,4;0,43;;;;;;;;;;;;;;;;;;;;;;;;;;;;;;;;;;;;;;;;;;;;;;;;;;;;;;;;5,27;5,42;;5,345;21,6;0,11;1045;576;1,84871616932686;-26,2044336027037;0,289482843887619;22,5967917;0,8367493;27,0054503780284
ROC8;4;Brouté;Témoin;Sco.rev;4;0,0554;1;1;2;3;;;;;;;1,75;0,0004;0,0053;2,3;1,9;1,9;1,6;;;;;;;1,925;0,4;0,3;0;0;;;;;;;0,175;;;;;;;;;;;;;;;;;;;;;;;;;;;;;;;;;;;;;;;;;;;;;;;;;;;;;;;;6;5,83;;5,915;21,7;0,14;;;1,23308270676692;-26,0381314344034;0,0862104655817995;14,7887538;0,6141096;24,081619632717
ROC8;6;Non Brouté;Exclos;Bra.alb;10;0,5151;6;2;3;3;5;3;5;8;7;8;5;0,0135;0,0255;4;4,5;4,8;4,2;4,8;4;5,4;3,9;4,7;4,9;4,52;2;3,1;1,9;1,6;0,6;1,5;0,7;1,1;0,9;0,5;1,39;;;;;;;;;;;;;;;;;;;;;;;;;;;;;;;;;;;;;;;;;;;;;;;;;;;;;;;;5,22;5,72;5,6;5,51333333333333;21,7;0,06;;;9,05131761442441;-28,1350709392713;1,68432235960275;33,5211857;0,9083077;36,9050991200449
ROC8;6;Non Brouté;Exclos;Rhi.pun;10;0,1928;1;2;2;1;1;1;2;2;5;1;1,8;0,0097;0,0103;2,3;1;0,9;1,2;1,7;0,9;2;1,3;1,7;1,4;1,44;0,7;0,9;0,3;1,5;0,9;0,7;0,7;0,5;0,5;0,4;0,71;;;;;;;;;;;;;;;;;;;;;;;;;;;;;;;;;;;;;;;;;;;;;;;;;;;;;;;;6,18;6,16;;6,17;21,5;0,13;;;3,83125864453665;-27,2363477107939;0,96976507268051;15,1097426;0,8427225;17,9296774442358
ROC8;6;Brouté;Témoin;Bry.pse;10;0,0778;6;5;1;3;1;3;1;1;2;3;2,6;0,0035;0,0135;1,8;2,1;2,3;2;1,5;2,7;2,2;2,9;2,3;2,8;2,26;0,7;0,9;1,2;0,6;0,5;1;0,8;1,2;0,9;1,1;0,89;;;;;;;;;;;;;;;;;;;;;;;;;;;;;;;;;;;;;;;;;;;;;;;;;;;;;;;;5,96;5,84;5,88;5,89333333333333;21,6;0,11;;;3,00624566273421;-26,291892990602;0,608472062438929;26,8871258;1,1785045;22,8146144541663
ROC8;10;Non Brouté;Exclos;Sco.cos;10;0,1764;1;1;2;6;2;1;2;2;1;2;2;0;0,0222;3;2,3;3,5;5,6;2,8;2,3;2,5;3,2;2,2;1;2,84;0;0;0;0;0;0;0;0;0;0;0;;;;;;;;;;;;;;;;;;;;;;;;;;;;;;;;;;;;;;;;;;;;;;;;;;;;;;;;6,69;6,73;;6,71;21,6;0,38;;;;-28,20140423;5,670864293;23,3421719;1,026745916;22,73412686
ROC8;10;Non Brouté;Exclos;Cal.ric;10;0,2914;2;1;2;1;1;4;1;1;2;2;1,7;0,0016;0,0299;4;3,7;2,2;3,3;2,4;4,3;3;4;3,5;2,5;3,29;0,5;0;0;1,2;0,9;1;0;0;0,7;0;0,43;;;;;;;;;;;;;;;;;;;;;;;;;;;;;;;;;;;;;;;;;;;;;;;;;;;;;;;;5,15;5,34;;5,245;21,7;0,47;;;7,14545454545454;-28,3418568148501;0,34252026323332;25,5038911;0,918414;27,7694929519803
ROC8;10;Non Brouté;Exclos;Bry.pse;10;0,1452;1;1;4;1;1;1;1;1;1;1;1,3;0,0012;0,0201;1;2;2,3;2;1,9;2,5;2,2;2;1,2;3,8;2,09;0;0,8;1;0;0;0,6;0;1;0;0;0,34;;;;;;;;;;;;;;;;;;;;;;;;;;;;;;;;;;;;;;;;;;;;;;;;;;;;;;;;5,92;5,94;;5,93;21,7;;2467;658;3,15088177661659;-27,0822524669731;-0,185368968397434;25,5286696;0,9586486;26,6298512301588
ROC8;10;Non Brouté;Exclos;Rhi.gra;10;0,1151;1;1;1;1;1;1;1;1;1;1;1;0;0,0136;2,8;1,5;0,8;1,2;0,7;0,9;2,3;1,3;1,9;1,5;1,49;0;0;0;0;0;0;0;0;0;0;0;;;;;;;;;;;;;;;;;;;;;;;;;;;;;;;;;;;;;;;;;;;;;;;;;;;;;;;;6,25;6,23;;6,24;21,7;;2820;798;2,6640625;-28,0197480471215;0,038431979613323;22,0378788;0,8379163;26,3008116681821
ROC8;10;Brouté;Témoin;Aul.tur;9;1,4007;5;4;7;9;1;5;10;5;7;;5,88888888888889;0,0264;0,1325;2,3;1,7;2;2,2;2,7;2,7;3,2;2,8;1,6;;2,35555555555556;0,6;0,3;1;0,8;0,7;0,6;0,6;0,8;0,7;;0,677777777777778;;;;;;;;;;;;;;;;;;;;;;;;;;;;;;;;;;;;;;;;;;;;;;;;;;;;;;;;6,01;5,08;5,82;5,63666666666667;21,6;0,2;;;12,9351669941061;-26,1338210953278;-0,459349501163966;22,8863736;0,7846115;29,169051944816
ROC8;10;Brouté;Témoin;Aul.pal;7;0,7386;3;2;2;3;1;4;5;;;;2,85714285714286;0,0094;0,07;1,8;1,7;2,7;2,3;2,5;1,7;1,8;;;;2,07142857142857;0,7;0,6;0,8;0;0,8;0,6;0,4;;;;0,557142857142857;;;;;;;;;;;;;;;;;;;;;;;;;;;;;;;;;;;;;;;;;;;;;;;;;;;;;;;;6,68;6,63;6,63;6,64666666666667;21,6;;1590;359;7,77777777777778;-26,2610739418378;-0,622934947467793;20,7098828;0,7932121;26,1088841181318
ROC8;14;Non Brouté;Exclos;Aul.pal;10;0,756;6;4;5;4;10;6;7;3;1;6;5,2;0,0154;0,0687;3,9;3,7;3,3;3,1;4,3;3,6;3,7;3,4;3,9;3,5;3,64;0,9;1,4;1,1;1;1,2;1;1,1;1,2;0;1;0,99;;;;;;;;;;;;;;;;;;;;;;;;;;;;;;;;;;;;;;;;;;;;;;;;;;;;;;;;6,25;6,38;;6,315;21,6;0,13;;;11,264457439896;-28,2245455969737;0,596428962097543;25,1993855;0,937207;26,887747850795
ROC8;14;Non Brouté;Exclos;Rhi.gra;11;0,075;2;1;3;5;4;4;2;2;1;2;2,6;0,0037;0,0059;1,1;1,9;1,5;2;1,2;3,3;1,7;1,8;1,8;2,2;1,85;0,9;1;0,7;0;1;1,1;1,4;0,8;0,4;1,4;0,790909090909091;;;;;;;;;;;;;;;;;;;;;;;;;;;;;;;;;;;;;;;;;;;;;;;;;;;;;;;;6,72;6,84;;6,78;21,6;;;;2,56338028169014;-28,374664189341;-0,149239667373276;29,9944841;1,3286461;22,5752245838828
ROC8;14;Brouté;Témoin;Rhi.pun;10;0,0839;1;2;1;2;6;3;1;1;1;1;1,9;0;0,0078;2,7;2,9;2;1,7;2,4;1,8;1,6;2,9;1,7;1,6;2,13;0;0;0;0;0;0;0;0;0;0;0;;;;;;;;;;;;;;;;;;;;;;;;;;;;;;;;;;;;;;;;;;;;;;;;;;;;;;;;5,9;5,36;5,4;5,55333333333333;21,7;0,13;;;2,92714377820761;-26,0274456689483;1,40733105175087;29,0943201;1,1171256;26,0439113560731
ROC8;14;Brouté;Témoin;Lep.rip+Bra.alb;7;0,2215;4;5;3;6;3;5;5;;;;4,42857142857143;0,004;0,0094;2,9;2,8;2,2;5,6;2,6;3,7;1,7;;;;3,07142857142857;0,7;0,8;1;0,3;0,8;2;0,5;;;;0,871428571428572;;;;;;;;;;;;;;;;;;;;;;;;;;;;;;;;;;;;;;;;;;;;;;;;;;;;;;;;;;;;;;;;3,88511749347258;-26,15794443;5,556118805;34,5486247;1,156577339;29,87143492
ROC8;14;Brouté;Témoin;Cal.ric;11;0,5565;1;4;2;3;2;1;3;5;3;4;2,8;0,0044;0,0256;4,3;3,4;3,4;4,4;2;3,3;3,7;4;3,6;4,6;3,67;4,037;1,2;1,4;0,9;0,8;0,5;1,4;0,4;1,3;1,5;1,22154545454545;;;;;;;;;;;;;;;;;;;;;;;;;;;;;;;;;;;;;;;;;;;;;;;;;;;;;;;;;;;;;;944;446;10,4399740428293;-25,5900140090699;-0,0288086639594156;36,2820281;1,1398612;31,8302159069894
ROC8;14;Brouté;Témoin;Sco.rev;8;0,2437;1;4;4;1;6;3;1;3;;;2,875;0,0017;0,0098;1,1;1,7;2;2,6;3,2;2,9;4;3;;;2,5625;1,1;0,3;0,7;1,1;0,9;0,8;0,2;0,8;;;0,7375;;;;;;;;;;;;;;;;;;;;;;;;;;;;;;;;;;;;;;;;;;;;;;;;;;;;;;;;;;;;;;1031;464;3,81161290322581;-25,4806560941003;0,465962041732527;34,7658442;1,0810876;32,1582119709818
