Date;Parcelle;Traitement;Herbivorie_enveloppe;Herbivorie;Sp;Sp_enveloppe;Leaf_N15;LNC;Leaf_C13;LCC;Root_N15;RNC;Leaf_pH;Total_leaf_area;SLA;Mean_leaf_area;LDMC;RDMC;Hveg_mean;Leaf_number;BIOSHOOT_sec;Tiller_Nbr;Nbr_individu_repro2;Ab_biomass;Ab_density;Ab_leafarea;Ab_eq;species_richness;Leaf_Msec;Leaf_Mfresh;Root_Msec;Root_Mfresh;APP_REPRO_sec;Hveg1;Hveg2;Hveg3;Hveg4;Hveg5;Hveg6;Hveg7;Hveg8;Hrep1;Hrep2;Hrep3;Nbre_ind_feuille;Nbre_feuille_mature;Nbre_feuille_tot;Subsampling?;Poids_non_ligneux;Poids_1an;Photo_feuilles;Photo_racines;Observation;jhjm;vjgh
02/08/18;26;PA;Non Broute;Exclos;Arc.lat;6;-3,123700315;2,5715576;-28,21748351;43,8444145;;;6,24;;;;;;7,55;;0,015;2;;0,007035647;0,020833333;0;0,142857143;7;;;;;;5,1;10;;;;;;;;;;2;2;4;;;;;;;;
02/08/18;26;PA;Non Broute;Exclos;Car.aqu;4;-0,335984426;3,1888834;-29,74784921;44,8963899;0,789052888;0,8600549;6,66;3,029520295;94,67250923;0,504920049;0,385542169;0,3828125;9,785714286;6;0,254;10;;0,119136961;0,104166667;0,103662899;0,142857143;7;0,032;0,083;0,098;0,256;;11;9;7;11,4;10;8,7;11,4;;;;;10;27;37;;;;P8021168.JPG;P8021170.JPG;;;
02/08/18;26;PA;Non Broute;Exclos;Eri.sch;1;1,405564213;1,8703235;-26,94113342;44,8163003;1,377852606;0,7029796;5,85;2,366037736;91,00145138;0,197169811;0,30952381;0,164835165;8,5;12;0,307;41;;0,143996248;0,427083333;0,080960121;0,142857143;7;0,026;0,084;0,015;0,091;;10,4;8,9;10,1;7,5;6,2;5,5;9,6;9,8;;;;15;16;31;1;;;P8021180.JPG;P8021179.JPG;Conserver dans sac ziploc;;
02/08/18;26;PA;Non Broute;Exclos;Hie.pau;5;;;;;;;;;;;;;5,1;;0,007;3;;0,003283302;0,03125;0;0,142857143;7;;;;;;5,4;4,4;5,5;;;;;;;;;3;4;7;;;;;;;;
02/08/18;26;PA;Non Broute;Exclos;Luz.con;3;-0,869385282;1,7587299;-30,35100564;43,4200086;0,312893116;0,6037217;;2,691176471;96,11344538;0,336397059;0,363636364;0,481481481;6,4;8;0,118;31;;0,055347092;0,322916667;0,092085587;0,142857143;7;0,028;0,077;0,013;0,027;;10,4;5,9;9,8;4,5;3;6,8;6,8;4;;;;15;32;47;1;;;P8021169.JPG;P8021171.JPG;;;
02/08/18;26;PA;Non Broute;Exclos;Sal.arc;2;-5,345000208;2,474609;-28,7108801;46,9636045;-2,30956963;0,9220555;6,45;21,13799622;103,1121767;2,348666247;0,280821918;0,315789474;10,85;9;1,406;5;1;0,659474672;0,052083333;0,723291394;0,142857143;7;0,205;0,73;0,012;0,038;0,09;12,9;6,3;13,1;11,1;;;;;;;;3;7;28;;0,3285;0,0285;P8021187.JPG;P8021188.JPG;Conserver dans sac ziploc;;
02/08/18;26;PA;Non Broute;Exclos;Ste.lon;7;;;;;;;;;;;;;3,55;;0,025;4;;0,011726079;0,041666667;0;0,142857143;7;;;;;;2,4;2,5;4,3;5;;;;;;;;2;21;23;;;;;;;;
02/08/18;26;PA;Broute;Temoin;Arc.lat;6;;;;;;;;1,542213884;154,2213884;0,385553471;0,243902439;;;4;0,074825641;4;;0,024108114;0,083333333;0,053288335;0,166666667;6;0,01;0,041;;;;;;;;;;;;;;;;;;;;;P8021186.JPG;;;;
02/08/18;26;PA;Broute;Temoin;Car.aqu;3;2,042137383;2,6948695;-30,28933107;43,701;;;;3,290140845;117,5050302;0,548356808;0,264150943;;;6;0,072;6;;0,023197719;0,125;0,113684704;0,166666667;6;0,028;0,106;;;;;;;;;;;;;;;5;12;18;;;;P8021181.JPG;;;;
02/08/18;26;PA;Broute;Temoin;Dup.fis;2;;;;;;;;1,103710752;137,963844;0,22074215;0,222222222;;;5;0,027;14;;0,008699145;0,291666667;0,038136674;0,166666667;6;0,008;0,036;;;;;;;;;;;;;;;11;14;25;;;;P8021192.JPG;;;;
02/08/18;26;PA;Broute;Temoin;Eri.sch;4;;;;;;;;;;;;;;;0,016;4;;0,005155049;0,083333333;0;0,166666667;6;;;;;;;;;;;;;;;;;5;6;11;;;;;;;;
02/08/18;26;PA;Broute;Temoin;Luz.con;5;0,17059163;2,1164619;-30,1983872;44,066442;;;;1,304672897;108,7227414;0,326168224;0,24;0,142857143;;4;0,07892773;3;;0,025429769;0,0625;0,045080548;0,166666667;6;0,012;0,05;0,004;0,028;;;;;;;;;;;;;;;;;;;P8021185.JPG;P8021184.JPG;;;
02/08/18;26;PA;Broute;Temoin;Sal.arc;1;-5,587455143;2,3854462;-28,78927998;47,082882;-2,160065701;0,9779762;6,01;21,70018975;109,5969179;1,35626186;0,300911854;0,273648649;7,7625;16;2,835;17;;0,913410204;0,354166667;0,749809738;0,166666667;6;0,198;0,658;0,081;0,296;;8,5;8,3;7,3;12;5,9;5,7;7,1;7,3;;;;6;30;108;;0,9277;0,1186;P8021183.JPG;P8021182.JPG;;;
04/08/18;33;PS;Non Broute;Exclos;Car.aqu;8;3,112034265;3,0374698;-29,73216924;43,6521367;2,53586745;0,7488271;;4,988721805;110,8604845;0,712674544;0,409090909;0,489361702;10,81428571;7;0,13;7;;0,049542683;0,066666667;0,148065565;0,125;8;0,045;0,11;0,023;0,047;;9,5;11,6;11,1;10,8;9,6;11,2;11,9;;;;;9;13;26;;;;P8041269.JPG;P8041270.JPG;;;
04/08/18;33;PS;Non Broute;Exclos;Dup.fis;1;0,512091985;2,0842754;-29,0892902;43,3940492;0,172359379;1,0421508;5,71;3,565949486;86,9743777;0,445743686;0,422680412;0,272727273;10,1875;8;0,404;48;;0,153963415;0,457142857;0,105837597;0,125;8;0,041;0,097;0,024;0,088;;6,2;14;13,9;10,2;10,1;11,6;8,1;7,4;;;;15;21;41;1;;;P8041273.JPG;P8041274.JPG;;;
04/08/18;33;PS;Non Broute;Exclos;Eri.ang;2;3,067670171;2,996893;-28,08995303;42,6948672;0,931985571;0,6270921;5,53;4,940074906;65,86766542;0,988014981;0,471698113;0,23655914;18,1;5;0,218;15;;0,083079268;0,142857143;0,146621723;0,125;8;0,075;0,159;0,022;0,093;;25,2;16,5;10;13,4;15,7;23,8;22,1;;;;;7;8;17;;;;P8041271.JPG;P8041272.JPG;;;
04/08/18;33;PS;Non Broute;Exclos;Eri.sch;4;2,68799606;2,0392601;-29,01925297;43,0045396;;;6,15;3,752808989;79,84699976;0,750561798;0,423423423;0,257575758;11,4375;5;0,197;9;;0,07507622;0,085714286;0,111383598;0,125;8;0,047;0,111;0,017;0,066;;12,3;15,2;9,6;15,3;8,8;12,2;10,3;7,8;;;;13;13;35;;;;P8041265.JPG;P8041266.JPG;;;
04/08/18;33;PS;Non Broute;Exclos;Hie.pau;3;-0,3678;2,1478;-30,26842443;43,1690162;;;6,8;1,406716418;78,15091211;0,175839552;0,580645161;0,590909091;5,625;8;0,079;17;;0,030106707;0,161904762;0,041751429;0,125;8;0,018;0,031;0,013;0,022;;7,1;6,3;6,6;5,5;3,9;4,5;5,6;5,5;;;;15;16;38;;;;P8041267.JPG;P8041268.JPG;;;
04/08/18;33;PS;Non Broute;Exclos;Sal.arc;6;-5,281033374;2,8173592;-29,18441539;45,5757783;-2,428723057;0,9586292;6,15;11,0075188;114,6616541;1,37593985;0,298136646;0,425531915;9,25;8;1,438;1;;0,548018293;0,00952381;0,326703825;0,125;8;0,096;0,322;0,04;0,094;;10,2;8,3;;;;;;;;;;2;42;51;;0,3618;0,1154;P8041276.JPG;P8041278.JPG;;;
04/08/18;33;PS;Non Broute;Exclos;Sal.ret;7;-5,513171078;1,5957166;-30,13775796;44,0512149;;;5,8;2,9296333;88,77676668;0,976544433;0,358695652;;6,5;3;0,053;1;;0,020198171;0,00952381;0,086951694;0,125;8;0,033;0,092;;;;6,5;;;;;;;;;;;1;0;0;;0;0,0051;P8041277.JPG;;;;
04/08/18;33;PS;Non Broute;Exclos;Ste.lon;5;-5,567;2,87654;-28,97116771;44,8448764;;;;1,101229896;68,8268685;0,084709992;0,551724138;;4,457142857;13;0,105;7;;0,040015244;0,066666667;0,03268457;0,125;8;0,016;0,029;;;;6,2;5,8;5,7;3,7;3,1;3,1;3,6;;;;;8;45;67;;;;P8041275.JPG;;;;
05/08/18;33;PS;Broute;Temoin;Dup.fis;1;2,547681715;2,519406;-31,42978802;43,7667047;;;7,23;3,25664;105,0529032;0,325664;0,352272727;0,25;4,9625;10;1,008;185;4;0,935064935;0,885167464;0,706245663;0,5;2;0,031;0,088;0,012;0,048;;6,3;4,9;2,7;5,4;6,9;6,2;2,5;4,8;9,7;7,6;;15;25;40;1;;;P8051279.JPG;P8051281.JPG;Photo sous le nom de MER36 Brouté ;;
05/08/18;33;PS;Broute;Temoin;Eri.sch;2;4,989770357;3,7165471;-30,09908069;45,5423078;;;;1,35456;79,68;0,22576;0,386363636;0,296296296;5,4125;6;0,07;24;;0,064935065;0,114832536;0,293754337;0,5;2;0,017;0,044;0,008;0,027;;7,6;6,2;6,1;2,6;6;6,2;4,3;4,3;;;;14;18;38;;;;P8051282.JPG;P8051280.JPG;Photo sous le nom de MER36 Brouté ;;
07/08/18;35;PS;Non Broute;Exclos;Caryo.sp;4;;;;;;;;;;;;;;;0,041;2;;0,01407967;0,013071895;;0,166666667;6;;;;;;;;;;;;;;;;;2;8;11;;;;;;;;
07/08/18;35;PS;Non Broute;Exclos;Car.aqu;2;;;;;;;;;;;;;;;1,298;28;4;0,445741758;0,183006536;;0,166666667;6;;;;;0,045;;;;;;;;;;;;15;59;75;1;;;;;;;
07/08/18;35;PS;Non Broute;Exclos;Dup.fis;1;;;;;;;;;;;;;;;0,997;80;1;0,342376374;0,522875817;;0,166666667;6;;;;;;;;;;;;;;;;;15;25;40;1;;;;;;;
07/08/18;35;PS;Non Broute;Exclos;Eri.sch;3;;;;;;;;;;;;;;;0,468;30;;0,160714286;0,196078431;;0,166666667;6;;;;;;;;;;;;;;;;;15;25;40;1;;;;;;;
07/08/18;35;PS;Non Broute;Exclos;Fes.sp;6;;;;;;;;;;;;;;;0,027;5;;0,009271978;0,032679739;;0,166666667;6;;;;;;;;;;;;;;;;;4;9;12;;;;;;;;
07/08/18;35;PS;Non Broute;Exclos;Hie.pau;5;;;;;;;;;;;;;;;0,081;8;;0,027815934;0,052287582;;0,166666667;6;;;;;;;;;;;;;;;;;7;12;19;;;;;;;;
07/08/18;35;PS;Broute;Temoin;Car.aqu;3;;;;;;;;;;;;;;;0,11;12;;0,171339564;0,129032258;;0,333333333;3;;;;;;;;;;;;;;;;;9;25;34;;;;;;;;
07/08/18;35;PS;Broute;Temoin;Dup.fis;1;;;;;;;;;;;;;;;0,47;72;;0,732087227;0,774193548;;0,333333333;3;;;;;;;;;;;;;;;;;15;24;37;1;;;;;;;
07/08/18;35;PS;Broute;Temoin;Eri.sch;2;;;;;;;;;;;;;;;0,062;9;;0,096573209;0,096774194;;0,333333333;3;;;;;;;;;;;;;;;;;7;12;17;;;;;;;;
05/08/18;36;PS;Non Broute;Exclos;Car.aqu;2;0,391932377;3,0605466;-30,02277147;43,4756263;0,803388881;0,5851912;5,42;6,888888889;97,02660407;1,148148148;0,432926829;0,376811594;14,6125;6;0,951;17;;0,529510022;0,175257732;0,377128031;0,166666667;6;0,071;0,164;0,104;0,276;;12,2;12,3;16,8;18,2;16,5;10,8;12,3;17,8;;;;14;49;69;;;;P8051292.JPG;P8051293.JPG;;;
05/08/18;36;PS;Non Broute;Exclos;Car.pra;6;-6,746;0,54;-29,78315547;38,1428245;;;;0,857142857;61,2244898;0,428571429;0,4375;0,444444444;4,3;2;0,018;2;;0,010022272;0,020618557;0,046923764;0,166666667;6;0,014;0,032;0,008;0,018;;5,1;3,5;;;;;;;;;;2;5;7;;;;P8051295.JPG;P8051299.JPG;;;
05/08/18;36;PS;Non Broute;Exclos;Dup.fis;1;0,410460086;1,9750018;-30,32487235;43,4558898;1,425487688;1,2546754;5,93;6,144104803;96,00163755;0,682678311;0,338624339;0,244680851;10,7125;9;0,574;61;;0,319599109;0,628865979;0,336355279;0,166666667;6;0,064;0,189;0,023;0,094;;9;13,4;10,7;11,3;12,3;11,5;10,4;7,1;;;;15;25;40;1;;;P8051290.JPG;P8051291.JPG;;;
05/08/18;36;PS;Non Broute;Exclos;Eri.ang;4;2,132929018;2,7969723;-28,1547636;44,9214424;0,260047772;0,6564689;5,6;2,345864662;63,40174761;0,586466165;0,521126761;0,237704918;10,68;4;0,112;8;;0,062360802;0,082474227;0,128422934;0,166666667;6;0,037;0,071;0,029;0,122;;12,4;8,4;8,6;15,7;8,3;;;;;;;4;9;14;;;;P8051294.JPG;P8051296.JPG;;;
05/08/18;36;PS;Non Broute;Exclos;Eri.sch;3;0,75;2,89387;-27,89238533;44,5139786;1,100224929;0,8494943;6,43;2,030710173;56,40861591;0,338451695;0,529411765;0,298850575;8,671428571;6;0,122;8;;0,067928731;0,082474227;0,111169993;0,166666667;6;0,036;0,068;0,026;0,087;;11,8;9,3;7,5;7,9;11,1;7,8;5,3;;;;;9;14;23;;;;P8051297.JPG;P8051298.JPG;;;
05/08/18;36;PS;Non Broute;Exclos;Poaceae.sp.lig;5;;;;;;;;;;#DIV/0 !;;;;;0,019;1;;0,010579065;0,010309278;0;0,166666667;6;;;;;;;;;;;;;;;;;2;3;5;;;;;;;;
05/08/18;36;PS;Broute;Temoin;Car.aqu;3;2,373320506;4,4030518;-32,71136477;45,2576046;2,417212109;0,5541948;;2,8657277;136,4632238;0,57314554;0,304347826;0,363636364;9,32;5;0,078;6;;0,101430429;0,049180328;0,28974256;0,25;4;0,021;0,069;0,016;0,044;;8,5;9,3;9,5;11,2;8,1;;;;;;;5;15;20;;;;P8051283.JPG;P8051287.JPG;;;
05/08/18;36;PS;Broute;Temoin;Dup.fis;1;0,771750407;3,016828;-30,6227919;43,9784658;0,145981195;1,247242;6,55;2,713347921;71,40389266;0,246667993;0,306451613;0,196969697;8,975;11;0,594;92;;0,77243173;0,754098361;0,274336035;0,25;4;0,038;0,124;0,013;0,066;;11,9;12,3;6,1;5,4;11,7;6,8;9;8,6;;;;15;27;42;1;;;P8051285.JPG;P8051286.JPG;;;
05/08/18;36;PS;Broute;Temoin;Eri.sch;2;3,878604549;3,5209469;-32,88384451;44,1374641;;;7,21;2,534579439;110,1991061;0,362082777;0,302631579;;9,1625;7;0,066;14;;0,085825748;0,114754098;0,25626145;0,25;4;0,023;0,076;;;;9,5;7,9;12,2;11,7;7,1;6,3;7,8;10,8;;;;8;9;17;;;;P8051289.JPG;;;;
05/08/18;36;PS;Broute;Temoin;Ple.sab;4;;;;;;;;1,776944705;177,6944705;0,355388941;0,3125;0,205882353;9,483333333;5;0,031;10;;0,040312094;0,081967213;0,179659955;0,25;4;0,01;0,032;0,007;0,034;;12,9;13,3;11,1;9,1;6,2;4,3;;;;;;6;12;18;;;;P8051284.JPG;P8051288.JPG;;;
02/08/18;43;PA;Non Broute;Exclos;Car.aqu;5;2,176261389;2,8193057;-29,59732144;45,3884767;;;;2,406043437;104,6105842;0,601510859;0,277108434;;;4;0,057;3;;0,015236568;0,09375;0,114813924;0,166666667;6;0,023;0,083;;;;;;;;;;;;;;;4;7;14;;;;P8021195.JPG;;;;
02/08/18;43;PA;Non Broute;Exclos;Dup.fis;6;;;;;;;;;;;;;;;0,013;4;;0,003475007;0,125;0;0,166666667;6;;;;;;;;;;;;;;;;;2;4;7;;;;;;;;
02/08/18;43;PA;Non Broute;Exclos;Eri.sch;2;;;;;;;;;;;;;;;0,025;2;;0,006682705;0,0625;0;0,166666667;6;;;;;;;;;;;;;;;;;2;2;5;;;;;;;;
02/08/18;43;PA;Non Broute;Exclos;Luz.con;3;1,3023919;2,5605781;-30,32800834;44,8440832;0,393789077;0,9489213;;2,085632731;109,7701437;0,260704091;0,256756757;0,282608696;;8;0,064;11;;0,017107725;0,34375;0,099524254;0,166666667;6;0,019;0,074;0,013;0,046;;;;;;;;;;;;;12;17;36;;;;P8021194.JPG;P8021190.JPG;;;
02/08/18;43;PA;Non Broute;Exclos;Sal.arc;1;-3,138144439;2,5560985;-29,03179695;47,9758409;-2,244033661;1,3396565;5,65;15,96958175;89,2155405;1,140684411;0,319642857;0,314868805;;14;3,549;10;;0,948676824;0,3125;0,762052054;0,166666667;6;0,179;0,56;0,108;0,343;;;;;;;;;;;;;3;32;76;;0,2376;2,4694;P8021191.JPG;P8021193.JPG;;;
02/08/18;43;PA;Non Broute;Exclos;Ste.lon;4;;;;;;;;0,494766889;123,6917222;0,044978808;0,166666667;;;11;0,033;2;1;0,008821171;0,0625;0,023609768;0,166666667;6;0,004;0,024;;;0,002;;;;;;;;;;;;4;8;19;;;;P8021189.JPG;;;;
02/08/18;43;PA;Broute;Temoin;Arc.lat;3;4,420259191;3,2832052;-29,30462854;43,6604665;;;6,87;3,686708861;184,335443;0,614451477;0,273972603;;6,4;6;0,04;7;;0,07797271;0,212121212;0,322802138;0,2;5;0,02;0,073;;;;7,8;6;6,3;5,5;;;;;;;;5;7;12;;;;P8021172.JPG;;;;
02/08/18;43;PA;Broute;Temoin;Car.aqu;2;1,868807897;4,0011029;-29,70394528;45,2612077;3,864123417;0,9675539;5,73;3,791469194;114,8930059;0,631911532;0,326732673;0,246153846;9,95;6;0,246;14;;0,479532164;0,424242424;0,33197478;0,2;5;0,033;0,101;0,016;0,065;;11,2;9,3;10,2;11,7;8,4;10,8;10;8;;;;13;27;55;;;;P8021173.JPG;P8021176.JPG;;;
02/08/18;43;PA;Broute;Temoin;Dup.fis;5;;;;;;;;;;;;;3,8;;0,003;3;;0,005847953;0,090909091;0;0,2;5;;;;;;3,8;;;;;;;;;;;3;3;6;;;;;;;;
02/08/18;43;PA;Broute;Temoin;Eri.sch;4;-4,563;3,3578;-27,69481762;45,9689293;;;6,61;0,774928775;154,985755;0,193732194;0,161290323;0,1;5,48;4;0,037;8;;0,072124756;0,242424242;0,067851483;0,2;5;0,005;0,031;0,003;0,03;;6,8;3,7;5,6;5,7;5,6;;;;;;;7;9;20;;;;P8021178.JPG;P8021177.JPG;;;
02/08/18;43;PA;Broute;Temoin;Sal.arc;1;-5,780387367;2,8349095;-28,55408034;45,7462153;-2,1631377;1,4814311;6,44;3,1678487;105,5949567;1,055949567;0,294117647;0,229508197;5,25;3;0,187;1;;0,364522417;0,03030303;0,277371599;0,2;5;0,03;0,102;0,014;0,061;;7,5;3;;;;;;;;;;1;1;4;;0,0063;0,0563;P8021174.JPG;P8021175.JPG;;;
30/07/18;71;PA;Non Broute;Exclos;Car.pra;3;;;;;;;;;;;;;3,75;;0,024;2;;0,015037594;0,016129032;0;0,166666667;6;;;0,002;;;4,2;3,3;;;;;;;;;;4;5;14;;;;;;;;
30/07/18;71;PA;Non Broute;Exclos;Dup.fis;2;1,261122975;2,5317699;-29,78339049;44,2659985;;;6,49;3,138397503;92,3058089;0,31383975;0,333333333;0,155555556;8,175;10;0,235;33;;0,147243108;0,266129032;0,140819363;0,166666667;6;0,034;0,102;0,007;0,045;;9,8;6,4;10,8;9,3;7,8;5,2;8,1;8;;;;15;22;41;1;;;P7301109.JPG;P7301116.JPG;;;
30/07/18;71;PA;Non Broute;Exclos;Eri.sch;1;3,876541103;3,0837149;-28,54989901;44,5917358;3,007035827;0,7631054;6,25;4,942408377;76,03705195;0,411867365;0,300925926;0,158878505;10,425;12;0,665;74;;0,416666667;0,596774194;0,221765025;0,166666667;6;0,065;0,216;0,017;0,107;;10,5;10,3;13,5;10,4;8,2;10,5;11,4;8,6;;;;15;23;39;1;;;P7301111.JPG;P7301117.JPG;;;
30/07/18;71;PA;Non Broute;Exclos;Hie.pau;5;;;;;;;;0,298319328;74,57983193;0,099439776;0,4;0,159090909;6,433333333;3;0,006;3;;0,003759398;0,024193548;0,013385538;0,166666667;6;0,004;0,01;0,007;0,044;;5,8;5,7;7,8;;;;;;;;;3;4;7;;;;P7301110.JPG;P7301114.JPG;;;
30/07/18;71;PA;Non Broute;Exclos;Ped.alb;4;2,705535353;2,7785024;-30,6426532;43,4747499;0,936508817;1,1420325;6,31;6,091858038;93,72089289;1,522964509;0,169270833;0,24137931;6,825;4;0,128;8;;0,080200501;0,064516129;0,273340636;0,166666667;6;0,065;0,384;0,056;0,232;;5,5;6,7;7,5;7,6;;;;;;;;7;7;12;;;;P7301108.JPG;P7301113.JPG;;;
30/07/18;71;PA;Non Broute;Exclos;Sal.arc;6;-4,064631807;2,6385254;-31,36943911;45,6088993;-3,043777278;1,2465651;6,83;7,815706806;111,6529544;0,976963351;0,281124498;0,320987654;7,775;8;0,538;4;;0,337092732;0,032258065;0,350689438;0,166666667;6;0,07;0,249;0,026;0,081;;9;7,8;7,2;7,1;;;;;;;;3;9;17;;0,1065;0,0475;P7301112.JPG;P7301115.JPG;;;
29/07/18;71;PA;Broute;Temoin;Car.pra;4;;;;;;;;;;;;;;;0,005;1;;0,003649635;0,006024096;0;0,166666667;6;;;;;;;;;;;;;;;;;2;3;8;;;;;;;;
29/07/18;71;PA;Broute;Temoin;Dup.fis;1;2,304195057;2,6827477;-30,77189184;45,0108391;;;6,96;2,52565445;78,92670157;0,252565445;0,293577982;0,097222222;7,8;10;0,545;121;1;0,397810219;0,728915663;0,131957593;0,166666667;6;0,032;0,109;0,007;0,072;0,001;6,5;8;8,6;5,7;9,8;10,1;8;5,7;;;;15;24;40;1;;;P7291099.JPG;P7291103.JPG;;;
29/07/18;71;PA;Broute;Temoin;Eri.sch;2;4,282008292;3,6074854;-29,9579609;44,8207463;;;;2,212058212;76,27786938;0,221205821;0,266055046;0,033333333;7,8;10;0,154;23;1;0,112408759;0,138554217;0,115573165;0,166666667;6;0,029;0,109;0,0006;0,018;0,006;9,3;7,9;7,5;6,8;7,5;8,5;8;6,9;6,4;;;15;17;34;;;;P7291104.JPG;P7291105.JPG;;;
29/07/18;71;PA;Broute;Temoin;Ped.alb;3;1,557119395;2,5518636;-29,66383758;43,3926369;1,136188722;1,1631045;6,34;8,19665272;81,15497742;0,819665272;0,185321101;0,197916667;5,314285714;10;0,175;15;;0,127737226;0,090361446;0,428249622;0,166666667;6;0,101;0,545;0,019;0,096;;4,5;5,1;5;6;6,8;4,9;4,9;;;;;7;7;18;;;;P7291100.JPG;P7291101.JPG;;;
29/07/18;71;PA;Broute;Temoin;Sal.arc;5;-4,930247511;2,0690609;-28,90531181;47,1260893;-1,149378185;1,2913814;6,15;5,584984359;109,5094972;0,558498436;0,303571429;0,214285714;7,933333333;10;0,465;3;;0,339416058;0,018072289;0,29179807;0,166666667;6;0,051;0,168;0,021;0,098;;11,7;6,7;5,4;;;;;;;;;2;10;11;;0,1034;0,0594;P7291106.JPG;P7291107.JPG;;;
29/07/18;71;PA;Broute;Temoin;Sax.hir;6;-6,6783;2,543;-28,81854927;44,550914;;;;0,620545073;155,1362683;0,062054507;0,114285714;;1,666666667;10;0,026;3;;0,018978102;0,018072289;0,032421551;0,166666667;6;0,004;0,035;;;;2;2;1;;;;;;;;;2;15;22;;;;P7291102.JPG;;;;
23/07/18;72;PA;Non Broute;Exclos;Car.pra;6;;;;;;;;;;;;;;;0,001;2;;0,001589825;0,083333333;0;0,25;4;;;;;;;;;;;;;;;;;;;;;;;;;;;
22/07/18;72;PA;Non Broute;Exclos;Eri.sch;3;;;;;;;;;;;;;;;0,031;2;0;0,049284579;0,083333333;0;0,25;4;;;;;;;;;;;;;;;;;;;;;;;;;;;
22/07/18;72;PA;Non Broute;Exclos;Poaceae.sp.stri;2;;;;;5,621306576;1,0001751;;;;;0,28125;0,366666667;9,6;;0,027;10;0;0,042925278;0,416666667;0;0,25;4;0,009;0,032;0,011;0,03;;12,6;9;7,2;;;;;;;;;;;;;;;;;;;
22/07/18;72;PA;Non Broute;Exclos;Sal.arc;1;-3,494088918;2,8123515;-29,6255454;45,5970673;-1,469890031;1,0047708;5,53;6,5858;107,9639344;1,64645;0,308080808;0,419354839;14,66666667;4;0,57;10;2;0,906200318;0,416666667;1;0,25;4;0,061;0,198;0,013;0,031;;26,6;11,2;6,2;;;;;;;;;;;;;;;;;;;
29/07/18;72;PA;Broute;Temoin;Car.aqu;4;;;;;;;;;;;;;;;0,106;4;;0,09566787;0,02484472;0;0,25;4;;;;;;;;;;;;;;;;;;;;;;;;;;;
29/07/18;72;PA;Broute;Temoin;Dup.fis;1;1,261122975;2,5317699;-29,78339049;44,2659985;;;5,49;3,138397503;92,3058089;0,31383975;0,333333333;0,155555556;8,175;10;0,235;136;2;0,212093863;0,844720497;0,388376797;0,25;4;0,034;0,102;0,007;0,045;;9,8;6,4;10,8;9,3;7,8;5,2;8,1;8;;;;;;;;;;P7301109.JPG;P7301116.JPG;;;
29/07/18;72;PA;Broute;Temoin;Eri.sch;3;3,876541103;3,0837149;-30,54989901;44,5917358;3,007035827;0,7631054;6,85;4,942408377;76,03705195;0,411867365;0,300925926;0,158878505;10,425;12;0,665;4;;0,600180505;0,02484472;0,611623203;0,25;4;0,065;0,216;0,017;0,107;;10,5;10,3;13,5;10,4;8,2;10,5;11,4;8,6;;;;;;;;;;P7301111.JPG;P7301117.JPG;;;
29/07/18;72;PA;Broute;Temoin;Hie.pau;2;;;;;;;;;;;;;;;0,102;17;;0,092057762;0,105590062;0;0,25;4;;;;;;;;;;;;;;;;;;;;;;;;;;;
06/08/18;A1;PR;Non Broute;Exclos;Arc.lat;2;4,221616672;2,7566003;-28,25484903;43,4129268;3,290683691;0,9229875;6,59;9,589353612;121,3842229;1,198669202;0,313492063;0,272727273;11,0875;8;0,353;16;1;0,179488516;0,380952381;0,304297564;0,2;5;0,079;0,252;0,024;0,088;0,012;9,5;6,8;12,6;12;12,5;10,5;6,5;18,3;;;;;;;;;;P8061339.JPG;P8061341.JPG;;;
06/08/18;A1;PR;Non Broute;Exclos;Luz.con;3;;;;;;;;1,155722326;105,065666;0,288930582;0,229166667;;7,65;4;0,013;4;;0,006610059;0,095238095;0,036674369;0,2;5;0,011;0,048;;;;9,6;5,7;;;;;;;;;;;;;;;;P8061338.JPG;;;;
06/08/18;A1;PR;Non Broute;Exclos;Luz.niv;5;-5,943746047;1,3081;-30,00415293;43,5161573;;;;1,92481203;120,3007519;0,384962406;0,421052632;0,461538462;3,425;5;0,017;4;;0,008643923;0,095238095;0,06107978;0,2;5;0,016;0,038;0,003;0,0065;;4,5;4,5;2,2;2,5;;;;;;;;15;64;79;1;;;P8061343.JPG;P8061344.JPG;;;
06/08/18;A1;PR;Non Broute;Exclos;Pol.viv;4;-0,709739634;2,9510062;-30,3558813;43,1572141;;;;2,959624413;155,769706;0,493270736;0,195876289;0,4;3,3;6;0,016;6;;0,008135457;0,142857143;0,093917331;0,2;5;0,019;0,097;0,002;0,005;;2,9;4,2;5,2;2,3;1,9;;;;;;;;;;;;;P8061340.JPG;P8061342.JPG;;;
06/08/18;A1;PR;Non Broute;Exclos;Sal.arc;1;-5,615534275;2,5309326;-30,69827175;44,8867582;-2,805185393;1,1187291;6,8;15,88356808;128,0932909;1,985446009;0,265524625;0,38028169;10,6;8;1,567699636;12;;0,797122045;0,285714286;0,504030956;0,2;5;0,124;0,467;0,054;0,142;;21,5;5;8,5;15,5;8;11;10,8;4,5;;;;2;25;18;;0,508;0,0464;P8061336.JPG;P8061337.JPG;;;
06/08/18;A1;PR;Broute;Temoin;Arc.lat;2;4,908714213;2,6805289;-28,69476887;43,633374;;;6,76;7,762711864;161,7231638;1,552542373;0,301886792;;9,914285714;5;0,19;7;;0,055088431;0,134615385;0,353844446;0,166666667;6;0,048;0,159;;;;8;5;13,9;10;11,5;12,6;8,4;;;;;;;;;;;P8061345.JPG;;;;
06/08/18;A1;PR;Broute;Temoin;Fes.sp;6;;;;;;;;;;;;;1,8;;0,013;1;;0,003769208;0,019230769;0;0,166666667;6;;;;;;1,8;;;;;;;;;;;1;23;28;;;;;;;;
06/08/18;A1;PR;Broute;Temoin;Luz.niv;4;0,388844426;1,6365393;-30,91823167;43,8266694;;;5,94;3,247637051;141,2016109;0,324763705;0,319444444;0,210526316;4,475;10;0,168;21;1;0,048709771;0,403846154;0,148035681;0,166666667;6;0,023;0,072;0,008;0,038;;3,2;7;5,5;3,6;4;4,5;3,5;4,5;;;;;;;;;;P8061348.JPG;P8061350.JPG;;;
06/08/18;A1;PR;Broute;Temoin;Pol.viv;3;;;;;;;;0,638255699;127,6511397;0,638255699;0,172413793;;6;1;0,003;2;;0,000869817;0,038461538;0,029093342;0,166666667;6;0,005;0,029;;;;6;;;;;;;;;;;1;1;1;;;;P8061349.JPG;;;;
06/08/18;A1;PR;Broute;Temoin;Sal.arc;1;-6,022475973;1,9311363;-28,7507964;46,3638515;-3,073473264;1,0381868;6,46;10,2896;111,8434783;0,935418182;0,298701299;0,344827586;6,4125;11;3,072;20;;0,890692954;0,384615385;0,469026531;0,166666667;6;0,092;0,308;0,03;0,087;;5;5,2;5,6;5,2;4,9;11;7,6;6,8;;;;2;38;27;;1,1567;0,0725;P8061347.JPG;P8061346.JPG;;;
06/08/18;A1;PR;Broute;Temoin;Ste.lon;5;;;;;;;;;;;;;2,8;;0,003;1;;0,000869817;0,019230769;0;0,166666667;6;;;;;;2,8;;;;;;;;;;;1;6;8;;;;;;;;
05/08/18;B1;PR;Non Broute;Exclos;Arc.lat;2;4,454739052;3,0073911;-28,88982767;44,2490724;4,822586958;1,0114638;6,82;9,415499533;147,1171802;1,176937442;0,31372549;0,366863905;10,7125;8;0,592;35;;0,16652602;0,52238806;0,292726492;0,2;5;0,064;0,204;0,062;0,169;;9,2;11,8;7,5;8,8;11,7;11;15,5;10,2;;;;;;;;;;P8051319.JPG;P8051322.JPG;;;
05/08/18;B1;PR;Non Broute;Exclos;Oxy.dig;3;;;;;;;;1,022222222;113,5802469;0,340740741;0,209302326;0,285714286;2,65;3;0,01;2;;0,00281294;0,029850746;0,031780738;0,2;5;0,009;0,043;0,006;0,021;;2,6;2,7;;;;;;;;;;1;2;3;;;;P8051325.JPG;P8051324.JPG;;;
05/08/18;B1;PR;Non Broute;Exclos;Poa.arc;5;-1,296635449;1,4257857;-31,27307267;42,553934;;;;2,124883504;92,38623931;0,424976701;0,433962264;0,323529412;7,233333333;5;0,044;7;;0,012376934;0,104477612;0,066062315;0,2;5;0,023;0,053;0,011;0,034;;7,8;6,5;7,4;;;;;;;;;6;8;13;;;;P8051323.JPG;P8051326.JPG;;;
05/08/18;B1;PR;Non Broute;Exclos;Sal.arc;1;-4,652370759;2,5832606;-29,35568618;45,9886287;-2,697665444;1,2107462;6,63;19,60223048;103,7155052;1,960223048;0,321428571;0,471264368;9,1125;10;2,876;20;;0,809001406;0,298507463;0,609430455;0,2;5;0,189;0,588;0,041;0,087;;11;11,7;6,8;9,2;6,5;4,1;12,9;10,7;;;;;;;;;;P8051320.JPG;P8051321.JPG;;;
05/08/18;B1;PR;Non Broute;Exclos;Ste.lon;4;;;;;;;;;;;;;2,266666667;;0,033;3;;0,0092827;0,044776119;0;0,2;5;;;;;;1,5;3,6;1,7;;;;;;;;;3;16;23;;;;;;;;
06/08/18;B1;PR;Broute;Temoin;Arc.lat;6;3,381149145;2,5719415;-29,69288889;44,112143;3,766843463;1,6472376;6,48;5,379568885;137,9376637;1,793189628;0,312;0,4;12,4;3;0,137;2;;0,052854938;0,068965517;0,229238129;0,166666667;6;0,039;0,125;0,014;0,035;;17,5;7,3;;;;;;;;;;1;5;6;;;;P8061327.JPG;P8061329.JPG;;;
06/08/18;B1;PR;Broute;Temoin;Luz.niv;5;;;-31,48784486;40,5822582;;;;2,617563739;137,7665126;0,373937677;0,339285714;0,346153846;5,2375;7;0,081;9;;0,03125;0,310344828;0,111541543;0,166666667;6;0,019;0,056;0,009;0,026;;7,7;4;8,8;3,4;5,3;3,7;2,9;6,1;;;;10;29;43;;;;P8061330.JPG;P8061331.JPG;;;
06/08/18;B1;PR;Broute;Temoin;Poa.arc;4;;;;;;;;0,358829084;59,80484734;0,089707271;0,4;;5,833333333;4;0,008;3;;0,00308642;0,103448276;0,015290688;0,166666667;6;0,006;0,015;;;;6;6;5,5;;;;;;;;;2;3;5;;;;P8061335.JPG;;;;
06/08/18;B1;PR;Broute;Temoin;Pol.viv;2;-6,73;2,69;-30,04046707;44,5028219;;;;1,418626529;118,2188774;0,709313264;0,307692308;;3,8;2;0,004;2;;0,00154321;0,068965517;0,060451552;0,166666667;6;0,012;0,039;;;;5,5;2,1;;;;;;;;;;1;1;1;;;;P8061332.JPG;;;;
06/08/18;B1;PR;Broute;Temoin;Sal.arc;1;-6,350687745;2,1553908;-29,35879882;46,455036;-3,16665722;1,0701958;6,73;13,04413146;113,42723;;0,315934066;0,336842105;10,18333333;;2,338;10;;0,902006173;0,344827586;0,555846081;0,166666667;6;0,115;0,364;0,032;0,095;;15,8;9,9;10;9,6;8,1;7,7;;;;;;1;44;63;;1,0627;0,0244;P8061328.JPG;P8061333.JPG;;;
06/08/18;B1;PR;Broute;Temoin;Ste.lon;3;;;;;;;;0,648444863;108,0741439;0,081055608;0,3;;2,266666667;8;0,024;3;;0,009259259;0,103448276;0,027632007;0,166666667;6;0,006;0,02;;;;3;2,7;1,1;;;;;;;;;3;12;20;;;;P8061334.JPG;;;;
07/08/18;C1;PR;Non Broute;Exclos;Arc.lat;1;;;;;;;;;;;;;;;0,373;17;;0,401506997;0,333333333;;0,2;5;;;;;;;;;;;;;;;;;14;31;49;;;;;;;;
07/08/18;C1;PR;Non Broute;Exclos;Luz.niv;2;;;;;;;;;;;;;;;0,063;13;;0,067814855;0,254901961;;0,2;5;;;;;;;;;;;;;;;;;9;28;39;;;;;;;;
07/08/18;C1;PR;Non Broute;Exclos;Poa.arc;5;;;;;;;;;;;;;;;0,008;2;;0,00861141;0,039215686;;0,2;5;;;;;;;;;;;;;;;;;2;3;6;;;;;;;;
07/08/18;C1;PR;Non Broute;Exclos;Pol.viv;4;;;;;;;;;;;;;;;0,035;1;;0,037674919;0,019607843;;0,2;5;;;;;;;;;;;;;;;;;1;2;4;;;;;;;;
07/08/18;C1;PR;Non Broute;Exclos;Sal.arc;3;;;;;;;;;;;;;;;0,45;18;;0,484391819;0,352941176;;0,2;5;;;;;;;;;;;;;;;;;1;15;9;;0,2505;0,0384;;;;;
07/08/18;C1;PR;Broute;Temoin;Arc.lat;4;;;;;;;;;;;;;;;0,289;8;;0,197539303;0,296296296;;0,166666667;6;;;;;;;;;;;;;;;;;10;22;27;;;;;;;;
07/08/18;C1;PR;Broute;Temoin;Luz.niv;6;;;;;;;;;;;;;;;0,03;7;;0,02050581;0,259259259;;0,166666667;6;;;;;;;;;;;;;;;;;6;13;21;;;;;;;;
07/08/18;C1;PR;Broute;Temoin;Poa.arc;2;;;;;;;;;;;;;;;0,003;1;;0,002050581;0,037037037;;0,166666667;6;;;;;;;;;;;;;;;;;1;2;3;;;;;;;;
07/08/18;C1;PR;Broute;Temoin;Pol.viv;5;;;;;;;;;;;;;;;0,016;1;;0,010936432;0,037037037;;0,166666667;6;;;;;;;;;;;;;;;;;1;1;2;;;;;;;;
07/08/18;C1;PR;Broute;Temoin;Sal.arc;1;;;;;;;;;;;;;;;1,09;9;;0,745044429;0,333333333;;0,166666667;6;;;;;;;;;;;;;;;;;4;24;47;;0,39;0,0708;;;;;
07/08/18;C1;PR;Broute;Temoin;Sax.opp;3;;;;;;;;;;;;;;;0,035;1;;0,023923445;0,037037037;;0,166666667;6;;;;;;;;;;;;;;;;;;;;;;;;;;;
05/08/18;D1;PR;Non Broute;Exclos;Arc.lat;3;4,804422622;2,6749015;-28,07120324;44,1789658;5,271098743;1,2911863;6,14;8,282220132;131,4638116;1,183174305;0,313432836;0,316326531;10,8125;7;0,453;20;;0,40544169;0,384615385;0,325430193;0,166666667;6;0,063;0,201;0,062;0,196;;12,6;9,7;7,7;9,8;10,7;7,9;17,3;10,8;;;;15;24;39;;;;P8051313.JPG;P8051312.JPG;;;
05/08/18;D1;PR;Non Broute;Exclos;Luz.niv;6;;;;;;;;;;;;;2,25;1;0,001;2;;0,000895015;0,038461538;0;0,166666667;6;0,002;;;;;2,2;2,3;;;;;;;;;;1;3;4;;;;;;;;
05/08/18;D1;PR;Non Broute;Exclos;Oxy.dig;5;;;;;;;;1,6;200;0,533333333;0,123076923;0,25;3,033333333;3;0,005;1;;0,004475074;0,019230769;0,062868204;0,166666667;6;0,008;0,065;0,001;0,004;;3,1;3;3;;;;;;;;;1;1;1;;;;P8051318.JPG;P8051317.JPG;;;
05/08/18;D1;PR;Non Broute;Exclos;Sal.arc;1;-4,381417115;2,2463975;-29,008108;45,9331231;;;5,83;11,06784661;111,7964304;1,229760734;0,344947735;0,321428571;11;9;0,548;5;;0,490468093;0,096153846;0,434884777;0,166666667;6;0,099;0,287;0,009;0,028;;23,2;6,9;6,1;7,8;;;;;;;;2;5;51;;0,1809;0,0052;P8051316.JPG;P8051315.JPG;;;
05/08/18;D1;PR;Non Broute;Exclos;Sal.her;2;-5,861948721;2,2757977;-32,00143053;47,7546585;;;6,79;4,5;166,6666667;0,45;0,303370787;0,307692308;3,425;10;0,1053;23;;0,094245055;0,442307692;0,176816825;0,166666667;6;0,027;0,089;0,008;0,026;;2,7;4,4;2,7;3,3;4,5;4;2,2;3,6;;;;15;33;40;1;0,476;0,021;P8051311.JPG;P8051314.JPG;;;
05/08/18;D1;PR;Non Broute;Exclos;Ste.lon;4;;;;;;;;;;;;;2,6;2;0,005;1;;0,004475074;0,019230769;0;0,166666667;6;;;;;;2,6;;;;;;;;;;;1;10;11;;;;;;;;
05/08/18;D1;PR;Broute;Temoin;Arc.lat;1;3,914876699;2,5096442;-28,87633956;43,9914261;4,744762995;0,9077513;6,77;5,008563273;122,1600798;0,55650703;0,312977099;0,268817204;9,2;9;0,438;33;;0,113530327;0,362637363;0,252270636;0,166666667;6;0,041;0,131;0,05;0,186;;12,4;10,2;12,1;7,8;8,7;7,9;7;7,5;;;;15;32;47;1;;;P8051301.JPG;P8051303.JPG;;;
05/08/18;D1;PR;Broute;Temoin;Cas.tet;4;-6,466226468;0,7781716;-29,42312673;42,3847157;-5,430720136;0,8853838;6,4;1,196171802;119,6171802;0,047846872;0,3125;0,433333333;3,9375;25;2,741;32;2;0,710471747;0,351648352;0,035741902;0,166666667;6;0,01;0,032;0,013;0,03;;4,5;5;3,6;3,9;4,2;4,2;3,3;2,8;;;;15;314;314;1;2,0886;0,0234;P8051307.JPG;P8051305.JPG;;;
05/08/18;D1;PR;Broute;Temoin;Luz.niv;6;-0,546144981;1,4910887;-29,82776998;43,6717135;0,214589163;0,4874234;7,09;2,847014925;105,4449972;0,474502488;0,310344828;0,314814815;5,175;6;0,042;4;;0,01088647;0,043956044;0,143398062;0,166666667;6;0,027;0,087;0,017;0,054;;6;5,3;5,6;3,8;;;;;;;;5;10;15;;;;P8051300.JPG;P8051302.JPG;;;
05/08/18;D1;PR;Broute;Temoin;Sal.arc;2;-6,52552953;2,3870496;-30,44407278;45,1486478;-3,467713076;1,0846012;6,61;8,048689139;114,9812734;1,34144819;0,304347826;0,414634146;8,2;6;0,494;4;;0,128045619;0,043956044;0,405395283;0,166666667;6;0,07;0,23;0,017;0,041;;8,1;10,1;8,4;6,2;;;;;;;;2;3;17;;0,0787;0,0163;P8051309.JPG;P8051306.JPG;;;
05/08/18;D1;PR;Broute;Temoin;Sal.her;3;-5,21063751;2,2875489;-30,47312409;47,8511139;;;;2,732525629;151,8069794;0,303613959;0,295081967;0,272727273;2,6875;9;0,109;15;;0,028252981;0,164835165;0,13763148;0,166666667;6;0,018;0,061;0,006;0,022;;3,1;2,6;3,1;2,4;2,2;2,7;2,9;2,5;;;;9;11;21;;0,0444;0,0183;P8051304.JPG;P8051310.JPG;;;
05/08/18;D1;PR;Broute;Temoin;Ste.lon;5;;;;;;;;0,507518797;126,8796992;0,036251343;0,210526316;;2,8;14;0,034;3;;0,008812856;0,032967033;0,025562638;0,166666667;6;0,004;0,019;;;;2,4;3;3;;;;;;;;;3;42;45;;;;P8051308.JPG;;;;
31/07/18;E1;PO;Non Broute;Exclos;Arc.lat;3;2,822096962;2,8775678;-27,99140752;43,4094206;0,968252802;0,7833632;6,08;7,447833066;84,63446666;0,744783307;0,324723247;0,339285714;8,8875;10;0,242;39;3;0,072242055;0,52;0,236168132;0,25;4;0,088;0,271;0,019;0,056;0,046;12,5;5,2;8,8;10,1;5,9;4,8;14;9,8;16,5;19;;14;23;37;;;;P7311156.JPG;P7311157.JPG;;;
31/07/18;E1;PO;Non Broute;Exclos;Luz.con;4;;;;;;;;;;;;;10,1;;0,07684932;2;;0,022941127;0,026666667;0;0,25;4;0,011;;;;;10,1;;;;;;;;;;;1;2;3;;;;;;;;
31/07/18;E1;PO;Non Broute;Exclos;Sal.arc;1;-7,339474252;1,9188913;-28,91158431;45,230931;-3,182017212;0,7362625;5,98;10,68713105;100,821991;1,187459006;0,345276873;0,526315789;7,7;9;1,757;23;;0,524501204;0,306666667;0,338885117;0,25;4;0,106;0,307;0,02;0,038;;11,1;9,2;10;6,7;6,2;3,7;7;;;;;8;8;40;;0,3973;0,0115;P7311155.JPG;P7311159.JPG;;;
31/07/18;E1;PO;Non Broute;Exclos;Sal.ret;2;-7,517565779;1,5133646;-29,76455719;44,6085373;-4,181440734;0,9600338;5,9;13,40118343;119,6534235;1,340118343;0,311111111;0,471910112;4,733333333;10;1,274;11;4;0,380315614;0,146666667;0,424946751;0,25;4;0,112;0,36;0,042;0,089;0,08;2,8;1,9;5,3;3,6;9;5,8;;;8,8;4,4;4,5;2;4;9;;0,0195;0,0097;P7311160.JPG;P7311158.JPG;;;
31/07/18;E1;PO;Broute;Temoin;Arc.lat;1;1,767008205;2,7615377;-27,72569354;43,6850476;1,484348555;0,767035;6,04;3,37158984;66,10960471;0,56193164;0,383458647;0,393939394;8,84;6;0,103;10;;0,0267463;0,196078431;0,161208869;0,25;4;0,051;0,133;0,039;0,099;;11,2;8,4;10,4;4,3;9,9;;;;;;;8;8;16;;;;P7311161.JPG;P7311162.JPG;;;
31/07/18;E1;PO;Broute;Temoin;Luz.con;3;;;;;;;;0,795675676;113,6679537;0,088408408;0,411764706;0,357142857;5,06;9;0,004;5;;0,001038691;0,098039216;0,038044359;0,25;4;0,007;0,017;0,005;0,014;;4,9;4;5,3;5,5;5,6;;;;;;;3;5;8;;;;P7311165.JPG;P7311166.JPG;;;
31/07/18;E1;PO;Broute;Temoin;Sal.arc;4;-6,699587252;2,2723205;-28,99016121;46,7716287;-3,233217188;1,0887656;6,39;16,41921397;100,7313741;1,492655816;0,317120623;0,329842932;8,4125;11;3,713;28;;0,964165152;0,549019608;0,7850667;0,25;4;0,163;0,514;0,126;0,382;;5,6;7,6;8,9;11,5;11,3;9;4,7;8,7;;;;8;32;53;;0,9079;0,1499;P7311163.JPG;P7311164.JPG;;;
31/07/18;E1;PO;Broute;Temoin;Ste.lon;2;;;;;;;;0,32793959;65,58791802;0,021862639;0,227272727;;2,957142857;15;0,031;8;;0,008049857;0,156862745;0,015680072;0,25;4;0,005;0,022;;;;3,5;3,2;1;1,5;2;2,4;7,1;;;;;5;48;53;;;;P7311167.JPG;;;;
31/07/18;F1;PO;Non Broute;Exclos;Arc.lat;2;;;;;;;;;;;;;;;0,199;;;0,100403633;;;0,25;4;;;;;0,034;;;;;;;;;;;;4;9;19;;;;;;;;
31/07/18;F1;PO;Non Broute;Exclos;Luz.con;4;;;;;;;;;;;;;;;0,008;;;0,004036327;;;0,25;4;;;;;;;;;;;;;;;;;1;2;3;;;;;;;;
31/07/18;F1;PO;Non Broute;Exclos;Sal.arc;1;;;;;;;;;;;;;;;1,392;;;0,702320888;;;0,25;4;;;;;;;;;;;;;;;;;1;14;36;;0,6029;0,0904;;;;;
31/07/18;F1;PO;Non Broute;Exclos;Sal.ret;3;;;;;;;;;;;;;;;0,383;;;0,193239152;;;0,25;4;;;;;;;;;;;;;;;;;1;6;19;;0,1677;0,0327;;;;;
31/07/18;F1;PO;Broute;Temoin;Dup.fis;3;;;;;;;;;;;;;;;0,02;4;;0,013012362;0,235294118;;0,2;5;;;;;;;;;;;;;;;;;3;3;7;;;;;;;;
31/07/18;F1;PO;Broute;Temoin;Luz.niv;2;;;;;;;;;;;;;;;0,009;1;;0,005855563;0,058823529;;0,2;5;;;;;;;;;;;;;;;;;1;2;3;;;;;;;;
31/07/18;F1;PO;Broute;Temoin;Sal.arc;1;;;;;;;;;;;;;;;1,202;;;0,782042941;0;;0,2;5;;;;;;;;;;;;;;;;;4;14;59;;0,4679;0,0646;;;;;
31/07/18;F1;PO;Broute;Temoin;Sal.ret;4;;;;;;;;;;;;;;;0,298;12;3;0,19388419;0,705882353;;0,2;5;;;;;0,002;;;;;;;;;;;;1;7;50;;0,1496;0,0251;;;;;
31/07/18;F1;PO;Broute;Temoin;Ste.lon;5;;;;;;;;;;;;;;;0,008;;;0,005204945;0;;0,2;5;;;;;;;;;;;;;;;;;2;6;23;;;;;;;;
31/07/18;G1;PO;Non Broute;Exclos;Arc.lat;6;2,844876111;2,3788626;-27,90352546;42,6042164;1,379900605;0,8054539;6,13;3,184573003;58,97357413;0,454939;0,41221374;0,322222222;11,52;7;0,077;6;;0,018375334;0,109090909;0,08157788;0,142857143;7;0,054;0,131;0,029;0,09;;10,7;12,9;13,7;6,4;13,9;;;;;;;9;9;21;;;;P7311139.JPG;P7311140.JPG;;;
31/07/18;G1;PO;Non Broute;Exclos;Ast.alp;4;-1,063818747;3,011622;-29,49574149;42,7816665;;;6,22;9,459610028;124,468553;1,351372861;0,214689266;0,263157895;6,2;7;0,007;2;2;0,001670485;0,036363636;0,242322888;0,142857143;7;0,076;0,354;0,005;0,019;0,097;6,2;;;;;;;;6,8;4,5;5,4;5;0;0;;0;0,008;P7311142.JPG;P7311143.JPG;;;
31/07/18;G1;PO;Non Broute;Exclos;Dicot.mauves;5;;;;;;;;0,979206049;163,2010082;0,244801512;0,461538462;;4,7;4;0,015;5;;0,003579611;0,090909091;0,025083913;0,142857143;7;0,006;0,013;;;;3,7;5,8;6,2;3,1;;;;;;;;6;7;15;;;;P7311134.JPG;;2;petits idividus;
31/07/18;G1;PO;Non Broute;Exclos;Luz.niv;1;-2,127190831;1,2509195;-29,06977201;43,6819772;;;6,18;2,545054945;72,71585557;0,424175824;0,324074074;0,333333333;4;6;0,026;3;;0,006204658;0,054545455;0,065195612;0,142857143;7;0,035;0,108;0,007;0,021;;3,5;4,5;;;;;;;;;;3;4;7;;;;P7311132.JPG;P7311133.JPG;;;
31/07/18;G1;PO;Non Broute;Exclos;Poa.sp;7;-1,270901918;1,5065482;-30,35595171;42,6272581;;;;1,135435993;59,75978908;0,189239332;0,422222222;;5,833333333;6;0,039;4;;0,009306987;0,072727273;0,029085991;0,142857143;7;0,019;0,045;;;;8,1;6,6;2,8;;;;;;;;;7;15;26;;;;P7311141.JPG;;;;
31/07/18;G1;PO;Non Broute;Exclos;Sal.arc;2;-7,08993903;2,233601;-29,13904375;45,8158933;-4,323776666;1,2232068;5,82;14,34985968;110,383536;1,434985968;0,303738318;0,382978723;6,85;10;3,026;14;;0,722126766;0,254545455;0,367594376;0,142857143;7;0,13;0,428;0,018;0,047;;12,9;10,2;5;5,6;5,4;6;5,5;4,2;;;;5;24;63;;0,037;2,378;P7311137.JPG;P7311138.JPG;;;
31/07/18;G1;PO;Non Broute;Exclos;Sal.ret;3;-7,545522007;2,0620547;-29,70976014;44,7238449;-3,882432877;1,0511909;5,75;7,383472609;121,0405346;0,738347261;0,30964467;0,386363636;3,18;10;1,0004;21;2;0,238736159;0,381818182;0,189139341;0,142857143;7;0,061;0,197;0,034;0,088;0,016;3,6;3,9;1,5;5;1,9;;;;2,1;1,5;2;4;9;34;;0,024;0,811;P7311135.JPG;P7311136.JPG;;;
31/07/18;G1;PO;Broute;Temoin;Arc.lat;2;2,764113674;3,0154057;-27,73810042;43,7411645;2,465340086;0,966689;5,92;4,899167438;89,07577159;0,489916744;0,366666667;0,365079365;9,633333333;10;0,362;27;;0,065160897;0,321428571;0,180594797;0,125;8;0,055;0,15;0,046;0,126;;8,8;11,4;11,2;7,8;9,2;9,4;;;;;;15;30;45;1;;;P7311149.JPG;P7311150.JPG;;;
31/07/18;G1;PO;Broute;Temoin;Dry.int;5;-7,465794986;1,3993717;-31,74345425;41,7213877;;;;1,148471616;67,55715387;0,127607957;0,369565217;;2,133333333;9;0,025;4;;0,004500062;0,047619048;0,042335356;0,125;8;0,017;0,046;;;;2;1,9;2,5;;;;;;;;;6;22;28;;;;P7311146.JPG;;;;
31/07/18;G1;PO;Broute;Temoin;Dicot.oboval;7;;;;;-2,293185637;0,7064923;;;;;;;;;0,065479075;1;;0,011786396;0,011904762;0;0,125;8;0,005;;0,031;;;;;;;;;;;;;;;;;;;;;;;;
31/07/18;G1;PO;Broute;Temoin;Luz.niv;3;-2,445063499;1,3927176;-30,26910356;43,6631615;-1,501634016;0,4700944;6,16;2,907545165;83,07271899;0,323060574;0,448717949;0,448275862;5,433333333;9;0,258;19;;0,046440639;0,226190476;0,107178931;0,125;8;0,035;0,078;0,013;0,029;;6;6,5;5;5;4,8;5,3;;;;;;15;42;58;1;;;P7311153.JPG;P7311154.JPG;;;
31/07/18;G1;PO;Broute;Temoin;Poa.sp;8;;;;;;;;;;;;;;;0,013;1;;0,002340032;0,011904762;0;0,125;8;0,003;;;;;;;;;;;;;;;;;;;;;;;;;;
31/07/18;G1;PO;Broute;Temoin;Sal.arc;1;-7,773313495;2,4615718;-29,62084418;45,5336393;-4,124096761;1,0509353;5,95;9,476595745;96,69995658;0,861508704;0,33447099;0,55;6,05;11;3,792;18;;0,682569397;0,214285714;0,349329536;0,125;8;0,098;0,293;0,033;0,06;;4,7;4,3;4,5;4,4;12;6,4;;;;;;4;22;44;;0,4976;0,1007;P7311147.JPG;P7311148.JPG;;;
31/07/18;G1;PO;Broute;Temoin;Sax.hir;4;-7,340509668;2,3904288;-26,65146468;41,3080528;-1,379778075;0,4098859;;0,988962472;54,94235958;0,494481236;0,295081967;0,4;2,7;2;0,046;1;;0,008280114;0,011904762;0,036455475;0,125;8;0,018;0,061;0,034;0,085;;2,7;;;;;;;;;;;1;2;3;;;;P7311144.JPG;P7311145.JPG;un individu :o;;
31/07/18;G1;PO;Broute;Temoin;Sal.ret;6;-7,340509668;2,3904288;-30,51000378;45,1566207;-3,08166526;1,0595223;5,93;7,707212056;110,1030294;0,700655641;0,316742081;0,5;4,35;11;0,994;13;1;0,178922463;0,154761905;0,284105905;0,125;8;0,07;0,221;0,017;0,034;0,012;4,5;3,5;5;4,4;;;;;2;;;3;19;25;;0,1158;0,0398;P7311151.JPG;P7311152.JPG;;;
30/07/18;H1;PO;Non Broute;Exclos;Arc.lat;1;1,155077434;3,0684611;-29,20831548;43,5953245;1,320508634;0,6470236;6,04;6,598941799;104,7451079;1,31978836;0,221052632;0,182978723;15,025;5;0,2;10;;0,179372197;0,4;0,304426637;0,142857143;7;0,063;0,285;0,043;0,235;;16,5;15,7;13,4;14,5;;;;;;;;8;15;26;;;;P7311122.JPG;P7311120.JPG;Poids frais pris après une nuit dans un ziplock avec de l'eau!;;
30/07/18;H1;PO;Non Broute;Exclos;Cer.alp;5;;;;;;;;;;;;;1,5;8;0,05;1;;0,044843049;0,04;0;0,142857143;7;;0,031;;0,014;;1,5;;;;;;;;;;;1;11;25;;;;;;Poids frais pris après 5 nuits dans un ziplock avec de l'eau!;;
30/07/18;H1;PO;Non Broute;Exclos;Dicot.fines;6;;;;;;;;;;;;;6,45;;0,017;3;;0,015246637;0,12;0;0,142857143;7;;;;;;6,6;6,3;;;;;;;;;;4;7;18;;;;;;*ça devrait être Luz.con ;;
30/07/18;H1;PO;Non Broute;Exclos;Luz.con;3;;;;;;;;0,635875403;79,48442535;0,127175081;0,121212121;0,1;7,233333333;5;0,009;2;;0,008071749;0,08;0,029334614;0,142857143;7;0,008;0,066;0,001;0,01;;6,9;9,8;5;;;;;;;;;2;4;9;;;;P7311121.JPG;P7311125.JPG;Poids frais pris après une nuit dans un ziplock avec de l'eau!;;
30/07/18;H1;PO;Non Broute;Exclos;Poa.sp;7;;;;;;;;;;;;;;;;2;;0;0,08;0;0,142857143;7;;;;;;;;;;;;;;;;;;;;;;;;;Poids frais pris après une nuit dans un ziplock avec de l'eau!;;
30/07/18;H1;PO;Non Broute;Exclos;Sal.arc;4;-6,914953751;2,1741389;-29,76042156;46,5722958;;;5,75;7,339325843;118,3762233;1,223220974;0,28440367;0,186046512;7,45;6;0,213;3;;0,19103139;0,12;0,338582511;0,142857143;7;0,062;0,218;0,008;0,043;;7,6;7,3;;;;;;;;;;2;4;7;;0,0504;0,0209;P7311126.JPG;P7311119.JPG;Poids frais pris après une nuit dans un ziplock avec de l'eau!;;
30/07/18;H1;PO;Non Broute;Exclos;Sal.ret;2;-7,585903225;2,0373478;-30,42315563;44,5345406;-4,98323235;1,4158486;5,98;7,102481122;124,604932;1,01464016;0,243589744;0,131868132;7,425;7;0,626;4;2;0,561434978;0,16;0,327656238;0,142857143;7;0,057;0,234;0,012;0,091;;5;11,1;6,6;7;;;;;;;;5;10;29;;0,1175;0,0869;P7311123.JPG;P7311124.JPG;Poids frais pris après une nuit dans un ziplock avec de l'eau!;;
31/07/18;H1;PO;Broute;Temoin;Poa.sp;3;-0,465348382;2,1981859;-28,35534261;42,9962832;-0,471490509;0,7477718;6,31;5,622748815;92,17621008;1,405687204;0,516949153;0,435897436;7,833333333;4;0,291822758;6;;0,47630689;0,428571429;0,163624865;0,333333333;3;0,061;0,118;0,034;0,078;0,026;8,3;10,7;12,6;7,9;4;3,5;;;;;;5;7;13;;;;P7311127.JPG;P7311131.JPG;;;
31/07/18;H1;PO;Broute;Temoin;Sal.arc;1;-7,560017829;2,7773371;-29,90103285;45,1691146;-3,884480876;1,4075142;5,95;7,910280374;104,0826365;1,582056075;0,307692308;0,345454545;7,85;5;0,248;2;1;0,404780319;0,142857143;0,797608691;0,333333333;3;0,076;0,247;0,019;0,055;0,255;9,5;6,2;;;;;;;8,5;;;1;7;10;;0,083;0,0374;P7311129.JPG;P7311128.JPG;;;
31/07/18;H1;PO;Broute;Temoin;Ste.lon;2;;;;;;;;0,384466019;42,7184466;0,019223301;0,346153846;;2;20;0,072855252;6;;0,118912791;0,428571429;0,038766444;0,333333333;3;0,009;0,026;0,012;;;2;;;;;;;;;;;1;2;4;;;;P7311130.JPG;;;;
29/07/18;ROC3;1;Non Broute;Exclos;Dup.fis;1;2,160324051;3,2125619;-29,97302653;45,2624;2,215702854;1,8797402;6,08;4,499219969;91,82081569;0,49991333;0,272222222;0,164705882;12,65;9;0,431;35;2;0,377738826;0,353535354;0,292844371;0,2;5;0,049;0,18;0,014;0,085;;15,4;14,5;16,1;8,4;8,1;9,2;18,4;11,1;11,9;12,1;;15;21;38;1;;;P7291094.JPG;P7291096.JPG;;;
29/07/18;ROC3;1;Non Broute;Exclos;Eri.ang;4;2,003886664;3,2664727;-30,8902179;45,3520001;1,338818928;0,9210692;6,74;6,379785605;89,85613528;0,797473201;0,306034483;0,380373832;14,4875;8;0,371;15;;0,325153374;0,151515152;0,415246268;0,2;5;0,071;0,232;0,0407;0,107;;10,9;17,7;14,2;15,5;12,1;14,3;12,6;18,6;;;;12;26;38;;;;P7291091.JPG;P7291090.JPG;;;
29/07/18;ROC3;1;Non Broute;Exclos;Eri.sch;3;1,63784363;2,6797414;-30,3558813;45,3392545;1,91287201;1,5602484;6,4;1,424785659;74,98871887;0,356196415;0,306451613;0,139240506;10,4;4;0,09;11;;0,078878177;0,111111111;0,092736177;0,2;5;0,019;0,062;0,011;0,079;;8,3;10,7;12,5;11,8;8,7;;;;;;;9;11;20;;;;P7291095.JPG;P7291089.JPG;;;
29/07/18;ROC3;1;Non Broute;Exclos;Hie.pau;2;0,867926296;2,3486896;-30,1141329;43,7769352;0,189693131;1,3456363;6,42;1,919003115;61,9033263;0,213222568;0,329787234;0,25;8,425;9;0,235;36;;0,205959684;0,363636364;0,124903709;0,2;5;0,031;0,094;0,014;0,056;;6,4;5;8,5;9,2;9,1;8,2;9,4;11,6;;;;15;21;36;1;;;P7291092.JPG;P7291097.JPG;;;
29/07/18;ROC3;1;Non Broute;Exclos;Ped.alb;5;1,880168209;2,223247;-29,79664357;44,5184611;;;;1,141065831;71,31661442;0,380355277;0,231884058;0,212765957;4,15;3;0,014;2;;0,012269939;0,02020202;0,074269475;0,2;5;0,016;0,069;0,01;0,047;;4;4,3;;;;;;;;;;;;;;;;P7291098.JPG;P7291093.JPG;;;
28/07/18;ROC3;1;Broute;Temoin;Car.aqu;3;2,233941645;3,527404;-30,40257091;45,2083812;2,517514066;0,5915968;6,42;5,598546776;116,6363912;0,799792397;0,292682927;0,25;10,05714286;7;0,239;14;;0,178892216;0,107692308;0,260518387;0,2;5;0,048;0,164;0,03;0,12;;10,4;10,4;8,8;7,9;9,8;10,6;12,5;;;;;9;26;35;;;;P7281078.JPG;P7281075.JPG;;;
28/07/18;ROC3;1;Broute;Temoin;Dup.fis;1;0,830095033;2,7225587;-30,44511033;44,4337209;1,006418742;1,3202062;6,45;5,263607257;89,21368233;0,526360726;0,295;0,129411765;11,0375;10;0,722;56;2;0,540419162;0,430769231;0,244932574;0,2;5;0,059;0,2;0,011;0,085;;8,7;11,9;15,6;8,9;9,9;9,4;14,1;9,8;10;10,8;10,5;15;25;38;1;;;P7281068.JPG;P7281071.JPG;;;
28/07/18;ROC3;1;Broute;Temoin;Eri.ang;5;1,415968382;2,7578031;-31,27929796;45,3991714;;;6,55;3,797024442;97,35960108;0,474628055;0,258278146;0,0625;11;8;0,081;9;;0,060628743;0,069230769;0,316287408;0,2;5;0,039;0,151;0,001;0,016;;12,6;10,8;9,6;;;;;;;;;;;;;;;P7281069.JPG;P7281076.JPG;;;
28/07/18;ROC3;1;Broute;Temoin;Eri.sch;4;1,884258075;2,9514579;-30,99085994;45,8546822;;;6,25;2,157728707;119,873817;0,431545741;0,227848101;0,075471698;10,46;5;0,07;9;;0,05239521;0,069230769;0,100406056;0,2;5;0,018;0,079;0,004;0,053;;11;10,5;13,2;10,8;6,8;;;;;;;7;10;17;;;;P7281074.JPG;P7281077.JPG;;;
28/07/18;ROC3;1;Broute;Temoin;Hie.pau;2;0,4364454;1,8773609;-30,86531678;42,2066707;;;7,02;1,67311828;66,92473118;0,185902031;0,316455696;0,163934426;7,6875;9;0,224;42;;0,167664671;0,323076923;0,077855575;0,2;5;0,025;0,079;0,01;0,061;;8,2;7;6,1;6,6;8,6;5,4;10,8;8,8;;;;15;22;37;1;;;P7281073.JPG;P7281072.JPG;;;
28/07/18;ROC3;6;Non Broute;Exclos;Car.aqu;2;2,195296029;4,2945882;-30,43254152;45,42686;2,151466008;1,3014349;5,98;30,44604317;140,9539035;2,537170264;0,270676692;0,2421875;18,0125;12;0,745;14;;0,279549719;0,079096045;0,478924199;0,2;5;0,216;0,798;0,062;0,256;;19,4;13,3;17,7;19,4;20,1;16;25,2;13;;;;11;35;46;;;;P7281079.JPG;P7281085.JPG;;;
28/07/18;ROC3;6;Non Broute;Exclos;Dup.fis;1;0,571033562;3,8107532;-29,37989243;44,5769214;;;6,87;11,79874214;99,98934016;0,907595549;0,259340659;0,057471264;14,375;13;0,717;58;;0,269043152;0,327683616;0,185597291;0,2;5;0,118;0,455;0,005;0,087;;19,9;15,8;16,5;12;13,5;16,3;11,1;9,9;;;;15;23;38;1;;;P7281081.JPG;P7281080.JPG;;;
28/07/18;ROC3;6;Non Broute;Exclos;Eri.ang;4;3,146385079;3,4143933;-31,24371897;45,0719906;;;6,17;10,91518325;92,50155293;0,992289386;0,25267666;0,102564103;15,8;11;0,433;19;1;0,162476548;0,107344633;0,171698679;0,2;5;0,118;0,467;0,008;0,078;0,01;14,3;12,2;14,5;16;18,5;17,4;20;13,5;14,4;;;12;29;43;;;;P7281082.JPG;P7281087.JPG;;;
28/07/18;ROC3;6;Non Broute;Exclos;Eri.sch;3;2,481446198;3,2445981;-31,98381386;44,9226955;1,88840083;1,0459923;7,07;5,989615784;86,80602586;0,598961578;0,254612546;0,090277778;13,4375;10;0,667;52;;0,250281426;0,293785311;0,094218218;0,2;5;0,069;0,271;0,013;0,144;;14;14,8;14,6;14,8;9,5;10,3;16,7;12,8;;;;15;40;56;;;;P7281084.JPG;P7281086.JPG;;;
28/07/18;ROC3;6;Non Broute;Exclos;Hie.pau;5;0,349730374;3,2270222;-29,56491615;44,2448543;;;6,71;4,42215256;105,2893467;0,340165582;0,190909091;0,048780488;8,257142857;13;0,103;34;;0,038649156;0,192090395;0,069561613;0,2;5;0,042;0,22;0,002;0,041;;;8,3;10,7;9,7;9,2;6,5;5,7;7,7;;;;15;18;33;1;;;P7281083.JPG;P7281088.JPG;;;
28/07/18;ROC3;6;Broute;Temoin;Car.aqu;3;0,84277329;4,1414671;-31,37020411;45,2482724;0,871827255;0,7547852;6,75;11,37645811;129,2779331;1,625208302;0,27244582;0,270491803;14,3;7;0,502;13;;0,249379036;0,076023392;0,427314024;0,2;5;0,088;0,323;0,033;0,122;;14,7;13,9;15,6;13;;;;;;;;13;40;53;;;;P7281061.JPG;P7281064.JPG;;;
28/07/18;ROC3;6;Broute;Temoin;Dup.fis;2;1,584910958;3,86728;-30,43776818;44,9793572;;;6,53;7,446351931;112,8235141;0,572796302;0,226027397;0,057142857;11,77142857;13;1,039;102;;0,516145057;0,596491228;0,27969431;0,2;5;0,066;0,292;0,004;0,07;;12,4;7,9;13;12,5;15,8;9;11,8;;;;;15;23;38;1;;;P7281062.JPG;P7281065.JPG;;;
28/07/18;ROC3;6;Broute;Temoin;Eri.ang;4;5,354270372;3,7794227;-31,89391533;45,5232416;;;7,14;2,647242456;91,28422261;0,882414152;0,208633094;;14,45;3;0,033;3;;0,016393443;0,01754386;0,099433744;0,2;5;0,029;0,139;;;;14,6;17,5;13,6;12,1;;;;;;;;4;4;8;;;;P7281060.JPG;;;;
28/07/18;ROC3;6;Broute;Temoin;Eri.sch;5;3,207114791;3,5271274;-31,55000118;45,0362803;;;7,17;4,320855615;110,7911696;0,540106952;0,254901961;0,045454545;13,33571429;8;0,406;35;;0,201689021;0,204678363;0,162296752;0,2;5;0,039;0,153;0,002;0,044;;15,5;15;14,5;12;15,15;9;12,2;;;;;15;30;45;1;;;P7281063.JPG;P7281066.JPG;;;
28/07/18;ROC3;6;Broute;Temoin;Hie.pau;1;0,256;3,268;-30,77959167;45,1032912;;;7,05;0,832271762;208,0679406;0,118895966;0,105263158;;7,466666667;7;0,033;18;;0,016393443;0,105263158;0,03126117;0,2;5;0,004;0,038;;;;8,9;8,3;5,7;5,6;6,5;9,8;;;;;;7;8;15;;;;P7281067.JPG;;;;
28/07/18;ROC3;10;Non Broute;Exclos;Car.aqu;3;1,7543;3,22;-29,6549631;44,9347006;1,250110903;0,4946373;6,31;4,777981651;83,8242395;0,95559633;0,343373494;0,386792453;16,63333333;5;0,019;6;;0,012434555;0,049180328;0,429443485;0,333333333;3;0,057;0,166;0,041;0,106;;20,9;15,7;17,3;15,2;15,9;14,8;;;;;;;;;;;;P7281054.JPG;P7281058.JPG;;;
28/07/18;ROC3;10;Non Broute;Exclos;Dup.fis;2;0,742929526;2,5736822;-28,64293354;44,2839505;0,32122572;1,0610085;5,8;4,504109589;72,64692886;0,450410959;0,311557789;0,184713376;16,2375;10;0,869;38;2;0,568717277;0,31147541;0,40482795;0,333333333;3;0,062;0,199;0,029;0,157;0,023;14,8;16,3;14,9;14,4;15,1;14;18,4;22;15,5;11,9;;;;;;;;P7281056.JPG;P7281059.JPG;;;
28/07/18;ROC3;10;Non Broute;Exclos;Hie.pau;1;1,322435084;2,1207015;-30,19106988;43,1742092;-0,415968557;1,0522251;6,79;1,84389348;54,23216118;0,204877053;0,336633663;0,203883495;9;9;0,64;78;1;0,418848168;0,639344262;0,165728565;0,333333333;3;0,034;0,101;0,021;0,103;0,006;7,1;9,4;9,1;6,7;7,6;10,5;11;10,6;17,6;;;;;;;;;P7281055.JPG;P7281057.JPG;;;
28/07/18;ROC3;10;Broute;Temoin;Car.aqu;3;3,470619982;3,4453591;-30,49839742;44,6959483;2,687792689;0,5645917;6,92;8,920216886;153,7968429;1,784043377;0,287128713;0,365269461;11,2;5;0,261;7;;0,210994341;0,051470588;0,466292964;0,25;4;0,058;0,202;0,061;0,167;;10,2;11,6;10,7;11,1;10,2;13,4;;;;;;;;;;;;P7281047.JPG;P7281053.JPG;;;
28/07/18;ROC3;10;Broute;Temoin;Dup.fis;2;0,692492986;2,6961183;-30,51616806;44,2643321;0,05306238;1,0948576;6,69;6,245559846;86,74388674;0,624555985;0,282352941;0,168831169;11,6625;10;0,514;46;2;0,415521423;0,338235294;0,326478678;0,25;4;0,072;0,255;0,013;0,077;0,021;12,2;10,6;12,8;13,2;12,4;13,2;9,4;9,5;16,9;;;;;;;;;P7281046.JPG;P7281049.JPG;;;
28/07/18;ROC3;10;Broute;Temoin;Eri.ang;4;4,324885797;5,0017682;-29,09318684;46,2471473;;;5,55;0,998454405;90,76858227;0,499227202;0,261904762;0,083333333;11,6;2;0,015;1;;0,012126112;0,007352941;0,052192931;0,25;4;0,011;0,042;0,003;0,036;;11,6;;;;;;;;;;;;;;;;;P7281050.JPG;P7281051.JPG;;;
28/07/18;ROC3;10;Broute;Temoin;Hie.pau;1;0,181951678;1,9737017;-30,87889818;43,5490771;0,012277081;1,3338158;7,11;2,965838509;76,04714126;0,296583851;0,295454545;0,197674419;6,575;10;0,447;82;;0,361358124;0,602941176;0,155035427;0,25;4;0,039;0,132;0,017;0,086;;8;4,6;7;7,4;6,2;2,9;8,2;8,3;;;;;;;;;;P7281048.JPG;P7281052.JPG;;;
27/07/18;ROC3;14;Non Broute;Exclos;Arc.lat;4;2,298176539;4,4955317;-28,38222418;45,2451784;;;5,86;4,208289054;150,2960376;0,841657811;0,233333333;;17,575;5;0,097;6;;0,022125912;0,010810811;0,278354541;0,25;4;0,028;0,12;;;;15,8;20,5;17,8;16,2;;;;;;;;7;11;17;;;;P7271042.JPG;;;;
27/07/18;ROC3;14;Non Broute;Exclos;Car.aqu;3;1,633439559;3,4116682;-29,18453563;44,2786683;;;6,08;4,567769477;93,21978525;1,522589826;0,35;;16,3;3;0,204;4;;0,046532847;0,007207207;0,30213214;0,25;4;0,049;0,14;;;;15,3;15,2;14;20,7;;;;;;;;4;15;19;;;;P7271040.JPG;;;;
27/07/18;ROC3;14;Non Broute;Exclos;Dup.fis;2;1,989622614;4,1852089;-28,53834406;44,611293;0,458876104;2,057978;6,21;3,538135593;93,1088314;0,221133475;0,248366013;0,16091954;12,8875;16;0,543;75;;0,123859489;0,135135135;0,234027676;0,25;4;0,038;0,153;0,014;0,087;;16,9;12;12,2;11,4;12,9;12,2;14,2;11,3;;;;15;38;25;1;;;P7271039.JPG;P7271045.JPG;Caca Dup.fis;;
27/07/18;ROC3;14;Non Broute;Exclos;Hie.pau;1;0,728486101;3,0960987;-29,38304568;45,9384932;0,033689363;1,404732;5,99;2,804255319;48,34922964;0,186950355;0,343195266;0,177419355;9,7125;15;3,54;470;;0,807481752;0,846846847;0,185485643;0,25;4;0,058;0,169;0,022;0,124;;9,3;9,8;10;9,7;7,2;10,1;9,1;12,5;;;;15;23;38;1;;;P7271041.JPG;P7271043.JPG;Les poids et photo racinaires sont peut-être inversés avec Dup.fis;;
27/07/18;ROC3;14;Broute;Temoin;Car.aqu;7;;;;;;;;;;;;;13,8;2;0,03;1;;0,006848846;0,001312336;0;0,142857143;7;;0,059;;0,099;;13,8;;;;;;;;;;;;;;;;;P7271026.JPG;P7271033.JPG;;;
27/07/18;ROC3;14;Broute;Temoin;Car.pra;4;1,634474975;2,6212495;-29,90310066;42,4688341;;;6,66;1,45;76,31578947;0,29;0,191919192;;4,175;5;0,024;11;;0,005479077;0,014435696;0,143144453;0,142857143;7;0,019;0,099;;;;4,8;5,7;3,4;2,8;;;;;;;;;;;;;;;;;;
27/07/18;ROC3;14;Broute;Temoin;Dup.fis;2;0,872408905;3,0290648;-28,94983885;44,7747573;;;6,07;3,836477987;76,72955975;0,319706499;0,282485876;0,054054054;10,8625;12;0,715;165;;0,163230829;0,216535433;0,378738305;0,142857143;7;0,05;0,177;0,002;0,037;;15,4;12,2;10,4;12,3;11,5;9,3;9,6;6,2;;;;;;;;;;P7271029.JPG;P7271035.JPG;;;
27/07/18;ROC3;14;Broute;Temoin;Hie.pau;1;0,428265668;2,6771968;-30,31956716;43,9546034;0,490484711;1,3814626;6,98;2,003149606;111,2860892;0,200314961;0,28125;0,195402299;8,3;10;2,464;504;;0,562518549;0,661417323;0,197751555;0,142857143;7;0,018;0,064;0,017;0,087;;8,5;9;6,4;4,3;8,8;8,2;11;10,2;;;;;;;;;;P7271025.JPG;P7271036.JPG;;;
27/07/18;ROC3;14;Broute;Temoin;Luz.con;6;;;;;1,547843585;1,7296404;;;;;;0,246875;11,16;7;0,105;5;2;0,023970961;0,00656168;0;0,142857143;7;;0,129;0,0158;0,064;0,019;11,2;7;12,3;13,6;11,7;;;;10,9;11,8;;;;;;;;;P7271037.JPG;;;
27/07/18;ROC3;14;Broute;Temoin;Ped.alb;5;;;;;;;;;;;;;4,7;3;0,0573;1;;0,013081296;0,001312336;0;0,142857143;7;;0,068;;;;4,7;;;;;;;;;;;;;;;;;P7271032.JPG;;;;
27/07/18;ROC3;14;Broute;Temoin;Ste.lon;3;2,507330542;3,4366167;-29,62704762;43,6081844;;;;2,84;167,0588235;0,1136;0,193181818;0,105263158;4,025;25;0,985;75;3;0,224870443;0,098425197;0,280365687;0,142857143;7;0,017;0,088;0,002;0,019;;3;3,7;4,3;4,3;4,6;3,8;5,4;3,1;3,7;5,7;;;;;;;;P7271030.JPG;P7271034.JPG;;;
04/08/18;ROC6;1;Non Broute;Exclos;Car.pra;4;;;;;;;;;;;;;;;;1;;0;0,02173913;0;0,25;4;;;;;;;;;;;;;;;;;;;;;;;;;;;
04/08/18;ROC6;1;Non Broute;Exclos;Dup.fis;1;1,116385675;2,3512529;-31,00849824;43,6697889;1,183834792;1,4323034;7,29;5,811676083;89,41040127;0,72645951;0,342105263;0,179775281;12,225;8;0,509;38;;0,877586207;0,826086957;0,861562776;0,25;4;0,065;0,19;0,016;0,089;0,018;11;13,6;17;13,3;10,2;10,2;9,9;12,6;;;;15;22;37;1;;;P8041252.JPG;P8041251;;;
04/08/18;ROC6;1;Non Broute;Exclos;Eri.sch;3;3,232121641;2,2185286;-29,7035567;45,8728755;;;;0,933828996;84,89354512;0,466914498;0,458333333;;8,225;2;0,066;6;1;0,113793103;0,130434783;0,138437224;0,25;4;0,011;0,024;;;;10,6;6,6;6,8;8,9;;;;;14,9;;;3;5;8;;;;P8041253.JPG;;;;
04/08/18;ROC6;1;Non Broute;Exclos;Ste.lon;2;;;;;;;;;;;;;;;0,005;1;;0,00862069;0,02173913;0;0,25;4;;;;;;;;;;;;;;;;;1;3;4;;;;;;;;
04/08/18;ROC6;1;Broute;Temoin;Cer.alp;4;-2,5735;0,7639;-28,63044097;41,1691661;;;;0,438271605;219,1358025;;;;5,2;;0,060441299;5;;0,075604424;0,057471264;0,137626079;0,333333333;3;0,002;;0,002;;;5,2;;;;;;;;;;;;;;;;;P8041254.JPG;P8041255.JPG;;;
04/08/18;ROC6;1;Broute;Temoin;Dup.fis;1;1,002891885;3,1490532;-30,85079113;44,8365674;;;7,21;4,469924812;99,33166249;0,446992481;0,3515625;0,317073171;7,825;10;0,7;75;;0,875611507;0,862068966;0,655650478;0,333333333;3;0,045;0,128;0,013;0,041;;8,2;9,4;7,8;8,4;11,2;5,2;6,7;5,7;;;;15;27;42;1;;;P8041246.JPG;P8041247.JPG;;;
04/08/18;ROC6;1;Broute;Temoin;Eri.sch;2;3,413868076;2,8056513;-30,1608225;45,2266893;;;;1,409345794;100,6675567;0,352336449;0,274509804;0,111111111;6,7;4;0,039;7;;0,04878407;0,08045977;0,206723442;0,333333333;3;0,014;0,051;0,003;0,027;;9,2;5,5;7;5,1;;;;;;;;5;7;13;;;;P8041250.JPG;P8041249.JPG;;;
04/08/18;ROC6;6;Non Broute;Exclos;Car.aqu;7;1,249353566;3,1607441;-30,93068223;44,7735667;;;;1,817164179;79,00713822;0,454291045;0,333333333;;14,4;4;0,066;4;;0,042145594;0,021857923;0,116596308;0,142857143;7;0,023;0,069;;;;13,2;13,3;16,7;;;;;;;;;2;8;10;;;;P8041239.JPG;;;;
04/08/18;ROC6;6;Non Broute;Exclos;Dup.fis;1;-0,920446993;3,0725423;-28,97221304;45,1082274;0,505779198;1,991133;6,56;4,722170253;96,37082148;0,524685584;0,345070423;0,23655914;11,425;9;0,946;112;;0,604086845;0,612021858;0,302992775;0,142857143;7;0,049;0,142;0,022;0,093;;9,9;12,1;11,7;11,4;11,3;11,9;11,2;11,9;;;;15;18;31;1;;;P8041244.JPG;P8041245.JPG;;;
04/08/18;ROC6;6;Non Broute;Exclos;Eri.ang;4;3,229759768;3,4276389;-29,35049845;44,6000218;2,488964356;2,0529132;5,63;5,07063197;97,51215327;1,014126394;0,339869281;0,265625;14,93333333;5;0,303;13;;0,19348659;0,071038251;0,325351432;0,142857143;7;0,052;0,153;0,017;0,064;;19,9;12,7;19,5;6,1;14,6;16,8;;;;;;13;23;36;;;;P8041237.JPG;P8041238.JPG;;;
04/08/18;ROC6;6;Non Broute;Exclos;Eri.sch;5;0,883945976;2,3436652;-27,10939736;45,1962822;;;6,3;1,791433892;68,90130354;0,447858473;0,448275862;0,588235294;10,72;4;0,087;8;;0,055555556;0,043715847;0,114945353;0,142857143;7;0,026;0,058;0,01;0,017;;10,8;12,3;11,3;10;9,2;;;;;;;8;12;20;;;;P8041242.JPG;P8041241.JPG;;;
04/08/18;ROC6;6;Non Broute;Exclos;Sax.fol;6;;;;;;;;;;;;;;;0,014;1;;0,008939974;0,005464481;0;0,142857143;7;;;;;;;;;;;;;;;;;1;3;1;;;;;;;;
04/08/18;ROC6;6;Non Broute;Exclos;Sax.hir;2;;;;;;;;0,550046773;55,00467727;0,039289055;0,526315789;;2,2625;14;0,064;27;;0,040868455;0,147540984;0,035293136;0,142857143;7;0,01;0,019;;;;1,7;1,9;2,5;2,4;2,6;3;2,3;1,7;;;;9;36;54;;;;P8041248.JPG;;;;
04/08/18;ROC6;6;Non Broute;Exclos;Ste.lon;3;-1,945;3,53468;-30,36525687;43,9107471;;;;1,63364486;116,6889186;0,116688919;0,291666667;0,2;3,8125;14;0,086;18;;0,054916986;0,098360656;0,104820996;0,142857143;7;0,014;0,048;0,007;0,035;;6,2;3,1;2,9;4,9;4,1;1,8;3,8;3,7;;;;13;58;78;;;;P8041240.JPG;P8041243.JPG;;;
04/08/18;ROC6;6;Broute;Temoin;Car.pra;2;-2,24;2,43;-28,47254446;42,1376809;;;6,52;2,463276836;87,97417272;0,410546139;0,205882353;0,216216216;3,24;6;0,063;16;;0,031871113;0,078431373;0,120465147;0,2;5;0,028;0,136;0,008;0,037;;3,9;4,7;3,4;2,4;1,8;;;;;;;13;31;43;1;;;P8041261.JPG;P8041257.JPG;;;
04/08/18;ROC6;6;Broute;Temoin;Dup.fis;1;-1,295118437;3,8236955;-30,71896242;45,55373;-0,973707519;2,236524;6,47;4,495274102;99,89498005;0,408661282;0,34351145;0,213114754;9,925;11;1,343;159;;0,679411188;0,779411765;0,219838813;0,2;5;0,045;0,131;0,013;0,061;;8,5;10,3;11;12,6;7,8;10,2;9,6;9,4;;;;15;29;44;;;;P8041260.JPG;P8041259.JPG;;;
04/08/18;ROC6;6;Broute;Temoin;Eri.ang;3;3,912197041;3,9142298;-32,97583371;44,8595945;;;6,77;6,299625468;92,641551;0,787453184;0,307692308;0,173913043;12,7;8;0,331;20;;0,167449816;0,098039216;0,308079586;0,2;5;0,068;0,221;0,008;0,046;;14,6;10,1;10,5;13,2;14,8;15,3;13,3;9,8;;;;15;28;43;1;;;P8041256.JPG;P8041258.JPG;;;
04/08/18;ROC6;6;Broute;Temoin;Eri.sch;4;3,681629999;4,1161597;-30,53080271;44,9875649;;;6,8;4,543909348;94,66477809;0,757318225;0,317880795;;10,725;6;0,142;8;;0,071836477;0,039215686;0,222217292;0,2;5;0,048;0,151;;;;12,8;8,3;14,8;11,3;7,1;14,3;5,4;11,8;;;;12;15;30;;;;P8041262.JPG;;;;
04/08/18;ROC6;6;Broute;Temoin;Sax.fol;5;0,296205882;2,098602;-28,7077441;41,5914383;-0,906411776;1,3099924;;2,64596;132,298;0,529192;0,215053763;0,206896552;1,666666667;5;0,097711633;1;1;0,049431405;0,004901961;0,129399163;0,2;5;0,02;0,093;0,012;0,058;0,012;1,2;2,5;1,3;;;;;;6,5;16,5;;;;;;;;;P8041263.JPG;**** le poids ne doit pas être ajouté à la biomasse ;;
03/08/18;ROC6;10;Non Broute;Exclos;Car.pra;5;0,101076363;1,9647164;-26,31544506;39,8018873;;;;1,206232814;86,15948671;0,603116407;0,155555556;;8,3;2;0,019;1;;0,009300049;0,002777778;0,064543878;0,166666667;6;0,014;0,09;;;;8,3;;;;;;;;;;;1;3;4;;;;P8031226.JPG;;;;
03/08/18;ROC6;10;Non Broute;Exclos;Dup.fis;2;1,520579231;1,8353036;-29,54019947;43,9357397;1,563138072;1,3326968;6,11;5,089579525;86,26405974;0,508957952;0,343023256;0,156862745;11,325;10;0,508;39;;0,24865394;0,108333333;0,27233648;0,166666667;6;0,059;0,172;0,016;0,102;;16,7;9,6;11,1;11,9;17;8,3;7,3;8,7;;;;15;28;44;1;;;P8031219.JPG;P8031218.JPG;;;
03/08/18;ROC6;10;Non Broute;Exclos;Eri.ang;3;4,23958127;2,5966247;-29,72940436;45,2497194;;;6,05;3,469835466;102,0539843;0,867458867;0,330097087;0,115;14;4;0,121;5;;0,059226628;0,013888889;0,185666178;0,166666667;6;0,034;0,103;0,0046;0,04;;18;15;10,9;9,8;14,9;15,4;;;;;;5;9;14;;;;P8031223.JPG;P8031222.JPG;;;
03/08/18;ROC6;10;Non Broute;Exclos;Eri.sch;4;3,993152296;2,0469658;-29,63635278;44,347234;;;;1,655045872;97,3556395;0,331009174;0,283333333;0,107692308;8,74;5;0,062;5;;0,030347528;0,013888889;0,088559254;0,166666667;6;0,017;0,06;0,007;0,065;;12,1;12;6,9;7,5;5,2;;;;;;;7;10;17;;;;P8031224.JPG;P8031225.JPG;;;
03/08/18;ROC6;10;Non Broute;Exclos;Fes.bra;6;-1,359947681;1,385022;-31,99262572;42,6370857;-1,381560508;0,7879811;6,12;2,912804399;108,2826914;0,1324002;0,363513514;0,171428571;6,9375;22;0,787;238;63;0,385217817;0,661111111;0,155860203;0,166666667;6;0,0269;0,074;0,012;0,07;0,965;5,8;8;7,6;7,7;7,2;5,9;7,2;6,1;12,2;9;;15;42;59;1;;;P8031227.JPG;P8031228.JPG;;;
03/08/18;ROC6;10;Non Broute;Exclos;Hie.pau;1;1,790680678;2,1577069;-30,13779744;42,7822163;;;5,88;4,355072464;72,9492875;0,395915679;0,438970588;0,170212766;9,375;11;0,546;72;;0,267254038;0,2;0,233034006;0,166666667;6;0,0597;0,136;0,008;0,047;;7,3;7,7;13,1;9,3;11;7,3;8,4;10,9;;;;15;23;38;1;;;P8031220.JPG;P8031221.JPG;;;
04/08/18;ROC6;10;Broute;Temoin;Car.pra;6;;;;;;;;;;;;;;;0,002;1;;0,001386963;0,008333333;0;0,166666667;6;;;;;;;;;;;;;;;;;1;5;2;;;;;;;;
04/08/18;ROC6;10;Broute;Temoin;Dup.fis;1;0,958348421;2,0275614;-30,89668482;43,8463661;1,4509785;1,8563627;6,03;4,853503185;83,68108939;0,404458599;0,310160428;0,12;10,325;12;1,137;89;1;0,788488211;0,741666667;0,410848887;0,166666667;6;0,058;0,187;0,015;0,125;0,015;11,3;6,7;11,3;9,8;10,2;9,3;11,4;12,6;12;;;15;31;46;1;;;P8041234.JPG;P8041232.JPG;;;
04/08/18;ROC6;10;Broute;Temoin;Eri.ang;4;;;;;;;6,25;4,912951168;89,32638487;0,701850167;0,270935961;0,075;12,15;7;0,17;8;;0,117891817;0,066666667;0,415881157;0,166666667;6;0,055;0,203;0,006;0,08;;15,2;10,5;14,2;12,4;14,8;10,9;10,4;8,8;;;;9;15;24;;;;P8041229.JPG;P8041235.JPG;;;
04/08/18;ROC6;10;Broute;Temoin;Eri.sch;5;;;;;;;;;;;;;6,9;;0,04;4;;0,027739251;0,033333333;0;0,166666667;6;;;;;;10;3,8;;;;;;;;;;3;6;3;;;;;;;;
04/08/18;ROC6;10;Broute;Temoin;Hie.pau;3;;;;;;;;1,044776119;116,0862355;0,149253731;0,290322581;0,111111111;6,6125;7;0,05;9;;0,034674064;0,075;0,088440265;0,166666667;6;0,009;0,031;0,003;0,027;;4,5;5;8,6;8,7;5;7,8;6,1;7,2;;;;;;;;;;P8041230.JPG;P8041233.JPG;;;
04/08/18;ROC6;10;Broute;Temoin;Poa.arc;2;;;;;;;;1,002123142;91,10210384;0,167020524;0,261904762;0,142857143;6,05;6;0,043;9;;0,029819695;0,075;0,084829691;0,166666667;6;0,011;0,042;0,008;0,056;;5,3;6,8;;;;;;;;;;10;17;27;;;;P8041231.JPG;P8041236.JPG;;;
02/08/18;ROC6;14;Non Broute;Exclos;Poaceae.sp.court;4;0,56;3,2784;-29,93721957;43,373788;;;;1,721040189;245,8628842;0,286840032;0,189189189;;6,528571429;6;0,103;15;;0,021245875;0,025252525;0,214225758;0,2;5;0,007;0,037;;;;6;9,3;5,2;5,4;7,3;8,2;4,3;;;;;16;23;39;;;;P8021198.JPG;;;;
02/08/18;ROC6;14;Non Broute;Exclos;Poaceae.sp;5;;;;;;;;;;;;;12,06;;0,06;3;;0,012376238;0,005050505;0;0,2;5;;;;;;13;12,2;6,7;14,6;13,8;;;;;;;3;4;9;;;;;;;;
02/08/18;ROC6;14;Non Broute;Exclos;Hie.pau;3;;;;;;;;0,832678712;166,5357423;0,208169678;0,25;0,136363636;9,12;4;0,017;6;;0,003506601;0,01010101;0,103647334;0,2;5;0,005;0,02;0,003;0,022;;9,4;10,9;7,2;8,4;9,7;;;;;;;4;6;13;;;;P8021201.JPG;P8021202.JPG;;;
02/08/18;ROC6;14;Non Broute;Exclos;Poa.arc;2;;;;;-0,118235875;1,2728978;6,050235479;4,258866;99,04339535;0,387169636;0,316176471;0,317073171;13,5;11;4,051;419;10;0,83560231;0,705387205;0,530120565;0,2;5;0,043;0,136;0,013;0,041;0,079;14,2;10,5;15,9;11,7;10,4;12,7;15,4;17,2;10,7;13,6;10,7;15;16;32;1;;;P8021196.JPG;P8021197.JPG;;;
02/08/18;ROC6;14;Non Broute;Exclos;Ste.lon;1;;;;;;;;1,221183801;244,2367601;0,081412253;0,192307692;0,363636364;4,775;15;0,617;151;;0,127268977;0,254208754;0,152006343;0,2;5;0,005;0,026;0,004;0,011;;7,1;3,1;1,3;4,2;4,4;3,3;5,3;9,5;;;;15;64;93;1;;;P8021199.JPG;;;;
03/08/18;ROC6;14;Broute;Temoin;Car.pra;3;1,038075442;2,1606828;-28,65620941;39,6967186;;;5,49;3,214218896;86,87078098;0,459174128;0,2;0,03125;5,0875;7;0,308;40;;0,117411108;0,123076923;0,129217727;0,125;8;0,037;0,185;0,001;0,032;;5,7;4,3;5,7;5;5,5;6;4,3;4,2;;;;15;9;25;;;;P8031205.JPG;P8031208.JPG;;;
03/08/18;ROC6;14;Broute;Temoin;Dup.fis;1;-0,669325305;3,8383008;-30,7188529;45,3174865;0,844297179;1,5314136;5,96;3,923736892;115,4040262;0,392373689;0,295652174;0,142857143;9,4875;10;1,736;204;;0,661771702;0,627692308;0,157741703;0,125;8;0,034;0,115;0,011;0,077;;9,5;8,3;8,7;9,7;9,9;11,7;6,8;11,3;;;;15;26;41;1;;;P8031206.JPG;P8031207.JPG;;;
03/08/18;ROC6;14;Broute;Temoin;Eri.ang;6;4,606118483;3,8572303;-30,57410598;44,8523859;;;6,03;7,9488117;111,9550944;1,58976234;0,299578059;;16,2;5;0,043;3;;0,016391811;0,009230769;0,319557383;0,125;8;0,071;0,237;;;;19,2;13,2;;;;;;;;;;5;6;11;;;;P8031210.JPG;;;;
03/08/18;ROC6;14;Broute;Temoin;Eri.sch;8;3,938275255;3,5889477;-30,18432323;44,6766115;;;6,6;1,722574796;114,8383197;0,344514959;0,326086957;;13,4;5;0,085506348;6;;0,032595439;0,018461538;0,069250791;0,125;8;0,015;0,046;;;;13,4;;;;;;;;;;;;;;;;;P8031209.JPG;;;;
03/08/18;ROC6;14;Broute;Temoin;Hie.pau;4;-0,658616305;3,148488;-31,18721255;44,7931955;;;7,12;1,952898551;150,2229654;0,39057971;0,302325581;0,115384615;5,34;5;0,06;9;;0,022872294;0,027692308;0,078510245;0,125;8;0,013;0,043;0,003;0,026;;6,1;4,6;7,2;4;4,8;;;;;;;13;19;32;;;;P8031216.JPG;P8031217.JPG;;;
03/08/18;ROC6;14;Broute;Temoin;Poa.sp;2;0,287398946;4,1413174;-31,14689019;45,2379438;;;5,95;4,277625571;129,6250173;0,611089367;0,253846154;0,106060606;7,375;7;0,171;23;;0,065186037;0,070769231;0,171968702;0,125;8;0,033;0,13;0,007;0,066;;5,4;6,5;7,9;9,7;;;;;;;;15;21;33;1;;;P8031213.JPG;P8031214.JPG;;;
03/08/18;ROC6;14;Broute;Temoin;Ran.hyp;7;;;;;;;;0,657039711;164,2599278;0,219013237;0,153846154;;;3;0,063754809;3;;0,024303646;0,009230769;0,026414249;0,125;8;0,004;0,026;;;;;;;;;;;;;;;;;;;;;P8031215.JPG;;Inversion des feuilles Ran.hyp/Eri.sch?;;
03/08/18;ROC6;14;Broute;Temoin;Ste.lon;5;2,507330542;3,4366167;-29,62704762;43,6081844;;;;1,177536232;235,5072464;0,06541868;0,138888889;0,007142857;2,025;18;0,156;37;;0,059467964;0,113846154;0,047339201;0,125;8;0,005;0,036;0,0001;0,014;;3,2;2,6;2,2;2,5;0,8;1,7;1,3;1,9;;;;16;73;163;;;;P8031211.JPG;P8031212.JPG;;;
02/08/18;ROC7;1;Non Broute;Exclos;Car.aqu;1;;;;;;;;;;;;;;;0,391;9;;0,486924035;0,132352941;;0,2;5;;;;;;;;;;;;;;;;;8;13;35;;;;;;;;
02/08/18;ROC7;1;Non Broute;Exclos;Dup.fis;2;;;;;;;;;;;;;;;0,227;34;;0,282689913;0,5;;0,2;5;;;;;;;;;;;;;;;;;15;23;54;1;;;;;;;
02/08/18;ROC7;1;Non Broute;Exclos;Eri.sch;3;;;;;;;;;;;;;;;0,142;22;;0,176836862;0,323529412;;0,2;5;;;;;;;;;;;;;;;;;14;14;36;;;;;;;;
02/08/18;ROC7;1;Non Broute;Exclos;Hie.pau;4;;;;;;;;;;;;;;;0,016;2;;0,01992528;0,029411765;;0,2;5;;;;;;;;;;;;;;;;;3;3;10;;;;;;;;
02/08/18;ROC7;1;Non Broute;Exclos;Poa.arc;5;;;;;;;;;;;;;;;0,027;1;;0,03362391;0,014705882;;0,2;5;;;;;;;;;;;;;;;;;1;2;3;;;;;;;;
02/08/18;ROC7;1;Broute;Temoin;Car.pra;4;;;;;;;;;;;;;;;0,01;2;;0,012886598;0,021276596;;0,25;4;;;;;;;;;;;;;;;;;2;4;8;;;;;;;;
02/08/18;ROC7;1;Broute;Temoin;Dup.fis;1;;;;;;;;;;;;;;;0,495;79;;0,637886598;0,840425532;;0,25;4;;;;;;;;;;;;;;;;;15;19;43;1;;;;;;;
02/08/18;ROC7;1;Broute;Temoin;Eri.sch;2;;;;;;;;;;;;;;;0,069;8;;0,088917526;0,085106383;;0,25;4;;;;;;;;;;;;;;;;;7;7;17;;;;;;;;
02/08/18;ROC7;1;Broute;Temoin;Ped.alb;3;;;;;;;;;;;;;;;0,202;5;;0,260309278;0,053191489;;0,25;4;;;;;;;;;;;;;;;;;;;;;;;;;;;
02/08/18;ROC7;4;Non Broute;Exclos;Car.aqu;3;;;;;;;;;;;;;;;0,412;;;0,36460177;;;0,166666667;6;;;;;;;;;;;;;;;;;10;16;39;;;;;;;;
02/08/18;ROC7;4;Non Broute;Exclos;Dup.fis;1;;;;;;;;;;;;;;;0,437;;;0,386725664;;;0,166666667;6;;;;;;;;;;;;;;;;;15;16;37;1;;;;;;;
02/08/18;ROC7;4;Non Broute;Exclos;Eri.ang;2;;;;;;;;;;;;;;;0,043;;;0,038053097;;;0,166666667;6;;;;;;;;;;;;;;;;;2;2;4;;;;;;;;
02/08/18;ROC7;4;Non Broute;Exclos;Eri.sch;4;;;;;;;;;;;;;;;0,163;;;0,144247788;;;0,166666667;6;;;;;;;;;;;;;;;;;14;15;36;;;;;;;;
02/08/18;ROC7;4;Non Broute;Exclos;Luz.con;5;;;;;;;;;;;;;;;0,012;;;0,010619469;;;0,166666667;6;;;;;;;;;;;;;;;;;3;6;12;;;;;;;;
02/08/18;ROC7;4;Non Broute;Exclos;Sax.fol;7;;;;;;;;;;;;;;;0,063;;;0,055752212;;;0,166666667;6;;;;;;;;;;;;;;;;;2;5;8;;;;;;;;
02/08/18;ROC7;4;Broute;Temoin;Car.aqu;1;;;;;;;;;;;;;;;0,658;16;;0,332827516;0,115942029;;0,166666667;6;;;;;;;;;;;;;;;;;15;31;72;;;;;;;;
02/08/18;ROC7;4;Broute;Temoin;Dup.fis;2;;;;;;;;;;;;;;;0,455;77;;0,230146687;0,557971014;;0,166666667;6;;;;;;;;;;;;;;;;;15;19;38;1;;;;;;;
02/08/18;ROC7;4;Broute;Temoin;Eri.ang;4;;;;;;;;;;;;;;;0,026;1;;0,013151239;0,007246377;;0,166666667;6;;;;;;;;;;;;;;;;;1;2;3;;;;;;;;
02/08/18;ROC7;4;Broute;Temoin;Eri.sch;3;;;;;;;;;;;;;;;0,255;36;;0,128983308;0,260869565;;0,166666667;6;;;;;;;;;;;;;;;;;15;17;33;1;;;;;;;
02/08/18;ROC7;4;Broute;Temoin;Hie.pau;6;;;;;;;;;;;;;;;0,04;6;;0,020232676;0,043478261;;0,166666667;6;;;;;;;;;;;;;;;;;7;8;18;;;;;;;;
02/08/18;ROC7;4;Broute;Temoin;Sal.arc;5;;;;;;;;;;;;;;;0,543;2;;0,274658574;0,014492754;;0,166666667;6;;;;;;;;;;;;;;;;;2;4;11;;0,1107;0,074;;;;;
02/08/18;ROC7;6;Non Broute;Exclos;Car.aqu;6;;;;;;;;;;;;;;;0,037;1;;0,01119245;0,002314815;;0,166666667;6;;;;;;;;;;;;;;;;;1;4;5;;;;;;;;
02/08/18;ROC7;6;Non Broute;Exclos;Dup.fis;3;;;;;;;;;;;;;;;0,138;18;;0,041744812;0,041666667;;0,166666667;6;;;;;;;;;;;;;;;;;15;19;34;1;;;;;;;
02/08/18;ROC7;6;Non Broute;Exclos;Eri.sch;2;;;;;;;;;;;;;;;1,772;222;;0,536027588;0,513888889;;0,166666667;6;;;;;;;;;;;;;;;;;15;28;43;1;;;;;;;
02/08/18;ROC7;6;Non Broute;Exclos;Hie.pau;1;;;;;;;;;;;;;;;1,247;184;;0,377215803;0,425925926;;0,166666667;6;;;;;;;;;;;;;;;;;15;35;52;1;;;;;;;
02/08/18;ROC7;6;Non Broute;Exclos;Poa.sp;4;;;;;;;;;;;;;;;0,0378;1;;0,011434449;0,002314815;;0,166666667;6;;;;;;;;;;;;;;;;;1;3;4;;;;;;;;
02/08/18;ROC7;6;Non Broute;Exclos;Ste.lon;5;;;;;;;;;;;;;;;0,074;6;;0,022384899;0,013888889;;0,166666667;6;;;;;;;;;;;;;;;;;4;28;36;;;;;;;;
02/08/18;ROC7;6;Broute;Temoin;Car.aqu;4;;;;;;;;;;;;;;;0,061;2;;0,029539952;0,013888889;;0,2;5;;;;;;;;;;;;;;;;;2;9;11;;;;;;;;
02/08/18;ROC7;6;Broute;Temoin;Dup.fis;5;;;;;;;;;;;;;;;0,202;39;;0,097820823;0,270833333;;0,2;5;;;;;;;;;;;;;;;;;13;25;38;;;;;;;;
02/08/18;ROC7;6;Broute;Temoin;Eri.sch;3;;;;;;;;;;;;;;;0,124;12;;0,060048426;0,083333333;;0,2;5;;;;;;;;;;;;;;;;;10;23;37;;;;;;;;
02/08/18;ROC7;6;Broute;Temoin;Hie.pau;1;;;;;;;;;;;;;;;0,469;89;;0,227118644;0,618055556;;0,2;5;;;;;;;;;;;;;;;;;15;43;60;1;;;;;;;
02/08/18;ROC7;6;Broute;Temoin;Ped.alb;2;;;;;;;;;;;;;;;1,209;2;;0,585472155;0,013888889;;0,2;5;;;;;;;;;;;;;;;;;;;;;;;;;;;
06/08/18;ROC7;10;Non Broute;Exclos;Car.aqu;6;;;;;;;;;;;;;;;0,181;6;;0,188169248;0,054054054;;0,166666667;6;;;;;;;;;;;;;;;;;6;16;22;;;;;;;;
06/08/18;ROC7;10;Non Broute;Exclos;Dup.fis;1;;;;;;;;;;;;;;;0,34;39;;0,353467096;0,351351351;;0,166666667;6;;;;;;;;;;;;;;;;;15;21;34;1;;;;;;;
06/08/18;ROC7;10;Non Broute;Exclos;Eri.sch;4;;;;;;;;;;;;;;;0,078;9;;0,08108951;0,081081081;;0,166666667;6;;;;;;;;;;;;;;;;;10;11;20;;;;;;;;
06/08/18;ROC7;10;Non Broute;Exclos;Hie.pau;3;;;;;;;;;;;;;;;0,183;23;1;0,190248467;0,207207207;;0,166666667;6;;;;;0,003;;;;;;;;;;;;15;31;41;1;;;;;;;
06/08/18;ROC7;10;Non Broute;Exclos;Poa.arc;2;1,383249452;1,8961695;-30,66714534;42,5768914;;;6,62;2,853573907;124,0684307;0,475595651;0,353846154;;8,475;6;0,0229;20;5;0,023807049;0,18018018;;0,166666667;6;0,023;0,065;;;0,035;11,6;8,8;8,8;8,7;7,6;8,7;7,1;6,5;14,8;11,9;13,9;15;23;38;1;;;P8061351.JPG;;;;
06/08/18;ROC7;10;Non Broute;Exclos;Ste.lon;5;;;;;;;;;;;;;;;0,157;14;4;0,16321863;0,126126126;;0,166666667;6;;;;;;;;;;;;;;;;;7;55;72;;;;;;;;
02/08/18;ROC7;10;Broute;Temoin;Car.aqu;6;;;;;;;;;;;;;;;0,109;3;;0,068553459;0,013043478;;0,142857143;7;;;;;;;;;;;;;;;;;3;13;15;;;;;;;;
02/08/18;ROC7;10;Broute;Temoin;Dup.fis;4;;;;;;;;;;;;;;;0,271;64;;0,170440252;0,27826087;;0,142857143;7;;;;;;;;;;;;;;;;;15;24;38;1;;;;;;;
02/08/18;ROC7;10;Broute;Temoin;Eri.sch;7;;;;;;;;;;;;;;;0,167;22;;0,105031447;0,095652174;;0,142857143;7;;;;;;;;;;;;;;;;;15;20;33;1;;;;;;;
02/08/18;ROC7;10;Broute;Temoin;Hie.pau;1;;;;;;;;;;;;;;;0,306;76;1;0,19245283;0,330434783;;0,142857143;7;;;;;;;;;;;;;;;;;15;28;42;;;;;;;;
02/08/18;ROC7;10;Broute;Temoin;Poa.arc;5;;;;;;;;;;;;;;;0,389;53;2;0,244654088;0,230434783;;0,142857143;7;;;;;0,011;;;;;;;;;;;;15;33;46;1;;;;;;;
02/08/18;ROC7;10;Broute;Temoin;Sax.fol;2;-2,331371626;1,2477136;-27,59081907;40,5146967;;;;2,995275591;110,936133;0,427896513;0,247706422;0,428571429;2,116666667;7;0,313;7;6;0,196855346;0,030434783;;0,142857143;7;0,027;0,109;0,003;0,007;;2,1;2,3;2,2;2,6;2,2;1,3;;;11,7;9,6;;6;39;49;;;;P8021203.JPG;P8021204.JPG;;;
02/08/18;ROC7;10;Broute;Temoin;Ste.lon;3;;;;;;;;;;;;;;;0,035;5;;0,022012579;0,02173913;;0,142857143;7;;;;;;;;;;;;;;;;;4;44;52;;;;;;;;
06/08/18;ROC7;14;Non Broute;Exclos;Car.aqu;5;;;;;;;;;;;;;;;0,103;2;;0,018191452;0,003100775;;0,142857143;7;;;;;;;;;;;;;;;;;2;7;9;;;;;;;;
06/08/18;ROC7;14;Non Broute;Exclos;Dup.fis;3;;;;;;;;;;;;;;;0,535;43;;0,09448958;0,066666667;;0,142857143;7;;;;;;;;;;;;;;;;;15;29;44;1;;;;;;;
06/08/18;ROC7;14;Non Broute;Exclos;Eri.sch;4;;;;;;;;;;;;;;;0,347;46;;0,061285765;0,071317829;;0,142857143;7;;;;;;;;;;;;;;;;;15;21;36;1;;;;;;;
06/08/18;ROC7;14;Non Broute;Exclos;Hie.pau;2;;;;;;;;;;;;;;;0,553;79;;0,097668668;0,12248062;;0,142857143;7;;;;;0,004;;;;;;;;;;;;15;33;48;1;;;;;;;
06/08/18;ROC7;14;Non Broute;Exclos;Poa.arc;1;;;;;;;;;;;;;;;4,052;459;12;0,715648181;0,711627907;;0,142857143;7;;;;;0,121;;;;;;;;;;;;15;24;39;1;;;;;;;
06/08/18;ROC7;14;Non Broute;Exclos;Sax.fol;6;;;;;;;;;;;;;;;0,005;1;;0,00088308;0,001550388;;0,142857143;7;;;;;;;;;;;;;;;;;1;9;10;;;;;;;;
06/08/18;ROC7;14;Non Broute;Exclos;Ste.lon;7;;;;;;;;;;;;;;;0,067;15;;0,011833274;0,023255814;;0,142857143;7;;;;;;;;;;;;;;;;;8;34;45;;;;;;;;
06/08/18;ROC7;14;Broute;Temoin;Dup.fis;2;;;;;;;;;;;;;;;0,374;47;;0,106159523;0,081314879;;0,2;5;;;;;;;;;;;;;;;;;15;23;37;1;;;;;;;
06/08/18;ROC7;14;Broute;Temoin;Eri.sch;3;;;;;;;;;;;;;;;0,007;1;;0,001986943;0,001730104;;0,2;5;;;;;;;;;;;;;;;;;1;2;2;;;;;;;;
06/08/18;ROC7;14;Broute;Temoin;Hie.pau;1;;;;;;;;;;;;;;;3,027;516;21;0,8592109;0,892733564;;0,2;5;;;;;0,083;;;;;;;;;;;;15;33;48;1;;;;;;;
06/08/18;ROC7;14;Broute;Temoin;Ped.alb;4;;;;;;;;;;;;;;;0,024;2;;0,006812376;0,003460208;;0,2;5;;;;;;;;;;;;;;;;;1;1;2;;;;;;;;
06/08/18;ROC7;14;Broute;Temoin;Poa.arc;5;;;;;;;;;;;;;;;0,091;12;;0,025830258;0,020761246;;0,2;5;;;;;;;;;;;;;;;;;10;16;26;;;;;;;;
25/07/18;ROC8;1;Non Broute;Exclos;Car.aqu;2;;;;;0,982967195;0,555026;;3,471127901;93,81426759;0,34711279;0,373737374;0,345132743;9,04;10;0,252;20;1;0,496062992;0,322580645;0,497464059;0,25;4;0,037;0,099;0,039;0,113;0,017;10,1;9;9;9,6;7,5;;;;9,1;;;15;41;56;;;;P7250973.JPG;P7250975.JPG;;;
25/07/18;ROC8;1;Non Broute;Exclos;Dup.fis;1;0,019279036;3,109115;-29,46981633;44,4651601;1,225639723;0,8482007;5,89;3,506517691;97,40326919;0,350651769;0,292682927;0,327868852;7,74;10;0,242;39;1;0,476377953;0,629032258;0,502535941;0,25;4;0,036;0,123;0,02;0,061;0,007;8,2;8,9;8;8;5,6;;;;14,4;;;15;21;33;1;;;P7250972.JPG;P7250974.JPG;;;
25/07/18;ROC8;1;Non Broute;Exclos;Eri.sch;3;;;;;;;;;;;;0,291666667;8,333333333;;0,01;2;;0,019685039;0,032258065;0;0,25;4;;;0,007;0,024;;7,1;11,1;6,8;;;;;;;;;2;3;5;;;;;P7250976.JPG;;;
25/07/18;ROC8;1;Non Broute;Exclos;Ste.lon;4;;;;;;;;;;;;;2,5;;0,004;1;;0,007874016;0,016129032;0;0,25;4;;;;;;2,5;;;;;;;;;;;1;6;7;;;;;;;;
24/07/18;ROC8;1;Broute;Temoin;Car.aqu;2;1,221699732;3,5816353;-30,5685784;44,6339351;1,34799562;0,5980564;6,25;3,636198272;98,27562897;0,330563479;0,318965517;0,361538462;6,86;11;0,246;36;1;0,383775351;0,203389831;0,371646358;0,25;4;0,037;0,116;0,047;0,13;0,0091;8,2;7,3;6,7;5,6;6,5;;;;6,8;;;15;42;57;1;;;P7240966.JPG;P7240967.JPG;;;
24/07/18;ROC8;1;Broute;Temoin;Dup.fis;1;0,756477439;3,1788368;-29,95953842;45,5942915;0,671979291;0,6676558;5,94;4,175197889;83,50395778;0,231955438;0,357142857;0,301886792;7,82;18;0,378;132;0;0,589703588;0,745762712;0,508502022;0,25;4;0,05;0,14;0,016;0,053;;10,7;8,1;7,2;5,5;7,6;;;;;;;15;24;39;1;;;P7240969.JPG;P7240970.JPG;;;
24/07/18;ROC8;1;Broute;Temoin;Eri.sch;3;;;;;;;;1,172631579;97,71929825;0,234526316;0,315789474;;7,9;5;0,01;4;0;0,015600624;0,02259887;0,11985162;0,25;4;0,012;0,038;;;;7,9;;;;;;;;;;;4;4;8;;;;P7240968.JPG;;;;
25/07/18;ROC8;1;Broute;Temoin;Inconnue;4;;;;;0,32938278;1,2564551;;;;;;;;;0,007;5;0;0,010920437;0,028248588;0;0,25;4;;;0,012;;;;;;;;;;;;;;;;;;;;;;;;
24/07/18;ROC8;4;Non Broute;Exclos;Dup.fis;2;1,665450227;3,2712791;-28,74560866;44,394597;1,791535745;1,3163779;5,94;1,852534562;66,16194865;0,370506912;0,378378378;0,444444444;10,43333333;5;0,6789;93;0;0,630362117;0,808695652;1;0,333333333;3;0,028;0,074;0,012;0,027;;12;10,2;9,1;;;;;;;;;;;;;;;P7240945.JPG;P7240947.JPG;;;
24/07/18;ROC8;4;Non Broute;Exclos;Eri.sch;1;2,078526725;2,3669093;-29,34634826;45,2667453;1,372466799;0,5383148;;1,7;89,47368421;0,242857143;0,351851852;;9,2;7;0,1001;22;0;0,092943361;0,191304348;0;0,333333333;3;0,019;0,054;0,017;;;8;10,4;;;;;;;;;;;;;;;;;;;;
24/07/18;ROC8;4;Non Broute;Exclos;Poaceae.sp;1;;;;;;;;;;;;;;;0,298;;;0,276694522;0;0;0,333333333;3;;;;;;;;;;;;;;;;;;;;;;;;;;;
24/07/18;ROC8;4;Broute;Temoin;Car.aqu;3;2,268705508;3,9657284;-31,89145057;44,2030013;2,227938444;0,823022;;2,23266745;101,4848841;0,248074161;0,366666667;0,441176471;;9;0,125;18;0;0,153374233;0,088669951;0,399537745;0,166666667;6;0,022;0,06;0,015;0,034;;;;;;;;;;;;;14;42;57;;;;P7240958.JPG;P7240960.JPG;;;
24/07/18;ROC8;4;Broute;Temoin;Dicot.sp;6;;;;;;;;;;;;;;;0,007;2;0;0,008588957;0,009852217;0;0,166666667;6;;;;;;;;;;;;;;;;;1;3;4;;;;;;;;
24/07/18;ROC8;4;Broute;Temoin;Dup.fis;1;1,9813924;3,6973519;-30,57065349;44,3067418;1,934284292;1,2564871;;2,319915254;115,9957627;0,257768362;0,303030303;0,428571429;7,166666667;9;0,557;159;0;0,683435583;0,783251232;0,415150814;0,166666667;6;0,02;0,066;0,012;0,028;;8;6,5;7;;;;;;;;;15;20;30;1;;;P7240963.JPG;P7240965.JPG;;;
24/07/18;ROC8;4;Broute;Temoin;Eri.ang;4;;;;;;;;;;;;;;;0,039;5;0;0,047852761;0,024630542;0;0,166666667;6;;;;;;;;;;;;;;;;;5;9;10;;;;;;;;
24/07/18;ROC8;4;Broute;Temoin;Eri.sch;2;0,798398569;2,5733673;-30,31666326;44,5603798;;;;1,035543767;73,9674119;0,129442971;0,466666667;0,34375;;8;0,046;14;0;0,056441718;0,068965517;0,185311441;0,166666667;6;0,014;0,03;0,011;0,032;;;;;;;;;;;;;13;14;27;;;;P7240955.JPG;P7240961.JPG;;;
24/07/18;ROC8;4;Broute;Temoin;Poaceae.sp;5;;;;;;;;;;;;;;;0,041;5;0;0,050306748;0,024630542;0;0,166666667;6;;;;;;;;;;;;;;;;;6;8;14;;;;;;;;
25/07/18;ROC8;6;Non Broute;Exclos;Car.aqu;3;3,838191706;3,4245236;-28,3274773;44,3680495;3,598324486;1,2915035;6,87;3,21108545;76,45441548;0,291916859;0,392523364;0,371584699;10,1625;11;0,23;17;;0,135135135;0,037444934;0,241907495;0,2;5;0,042;0,107;0,068;0,183;;8,2;6,8;14,7;13,5;10;7,2;12,1;8,8;;;;14;39;54;;;;P7250985.JPG;P7250984.JPG;;;
25/07/18;ROC8;6;Non Broute;Exclos;Car.pra;5;0,883263295;3,4270546;-29,20835454;43,6250896;;;;2,39627907;72,61451727;0,399379845;0,270491803;;4,225;6;0,052;30;;0,030552291;0,066079295;0,180523962;0,2;5;0,033;0,122;;;;5,1;3;5;5,4;5,6;2,7;3,5;3,5;;;;5;20;27;;;;P7250981.JPG;;;;
25/07/18;ROC8;6;Non Broute;Exclos;Dup.fis;1;1,237036731;3,9203753;-29,05479761;44,9249644;1,722200737;1,6547975;6,64;2,507816712;75,99444581;0,250781671;0,34375;0,314814815;9,0375;10;0,452;83;;0,265569918;0,182819383;0,188926663;0,2;5;0,033;0,096;0,017;0,054;0,023;8,5;9,6;7,1;8,1;7,8;7,5;9,3;14,4;;;;15;20;35;1;;;P7250982.JPG;P7250989.JPG;;;
25/07/18;ROC8;6;Non Broute;Exclos;Eri.sch;2;2,079549191;2,9247131;-28,98009424;44,8665125;2,579711647;1,0734455;6,82;3,628664495;68,46536783;0,279128038;0,404580153;0,259259259;9,866666667;13;0,414;64;1;0,243243243;0,140969163;0,273365861;0,2;5;0,053;0,131;0,021;0,081;0,029;8,7;11,8;9,1;7,6;8,8;13,2;;;15,2;;;15;23;38;1;;;P7250983.JPG;P7250986.JPG;;;
25/07/18;ROC8;6;Non Broute;Exclos;Ste.lon;4;4,613221372;3,43533;-29,31314676;43,6416952;;;;1,530176416;90,01037741;0,039235293;0,293103448;0,296296296;7,25;39;0,554;260;;0,325499412;0,572687225;0,115276018;0,2;5;0,017;0,058;0,008;0,027;0,012;10,6;4,1;9,2;6,6;8;5,3;8,7;5,5;;;;15;48;69;1;;;P7250988.JPG;P7250987.JPG;;;
25/07/18;ROC8;6;Broute;Temoin;Dup.fis;1;2,1567;4,2;-30,40775864;44,8054391;1,834360309;1,5687446;6,66;2,971055089;110,0390774;0,297105509;0,310344828;0,263157895;8,2625;10;1,162;336;;0,773635153;0,805755396;0,460887905;0,5;2;0,027;0,087;0,03;0,114;;9,7;8;9,3;6,3;8,6;7;7,2;10;;;;15;21;39;1;;;P7250977.JPG;P7250978.JPG;;;
25/07/18;ROC8;6;Broute;Temoin;Eri.sch;2;4,688302174;3,9764887;-30,70119178;44,3232379;1,909813112;1,3401312;6,81;3,475317348;90,0341282;0,315937941;0,316393443;0,408163265;8,2375;11;0,34;81;2;0,226364847;0,194244604;0,539112095;0,5;2;0,0386;0,122;0,02;0,049;0,019;6;7,8;9,2;8,2;7,5;6,5;8,5;12,2;15;9,8;;15;20;35;1;;;P7250979.JPG;P7250980.JPG;;;
25/07/18;ROC8;10;Non Broute;Exclos;Car.aqu;3;0,377480125;3,3675862;-30,16674682;44,5456563;-0,181453088;0,8102876;6,45;1,530176416;31,22809012;0,170019602;0,379844961;0,457627119;9,875;9;0,801;91;5;0,349171752;0,200440529;0,157849231;0,25;4;0,049;0,129;0,027;0,059;0,062;11,2;7,5;12,3;6,8;9,4;12,2;8,5;11,1;8,2;10,7;10,1;15;30;54;1;;;P7250990.JPG;P7250991.JPG;;;
25/07/18;ROC8;10;Non Broute;Exclos;Dup.fis;1;0,244946896;2,9790097;-29,95272817;43,5723136;0,130554448;1,0721586;6,3;5,425891182;104,3440612;0,493262835;0,342105263;0,405063291;10,075;11;0,855;147;2;0,372711421;0,323788546;0,559721571;0,25;4;0,052;0,152;0,032;0,079;;11,7;12,7;7,9;8,1;12,1;14,7;6,8;6,6;14,6;;;15;17;32;1;;;P7250992.JPG;P7250993.JPG;;;
25/07/18;ROC8;10;Non Broute;Exclos;Eri.sch;2;0,223203163;2,767585;-29,83176111;44,4203267;;;5,89;2,737843552;68,44608879;0,342230444;0,344827586;0,459459459;8,225;8;0,092;15;;0,040104621;0,033039648;0,282429198;0,25;4;0,04;0,116;0,017;0,037;;;;;9,2;6,4;7;10,3;;;;;7;10;29;;;;P7250994.JPG;P7250995.JPG;;;
25/07/18;ROC8;10;Non Broute;Exclos;Poa.arc;4;;;;;;;;;;;;;;;0,546;201;;0,238012206;0,442731278;0;0,25;4;;;;;;;;;;;;;;;;;15;25;51;1;;;;;;;
26/07/18;ROC8;10;Broute;Temoin;Car.aqu;2;0,970773411;3,6571075;-29,95996552;44,0654042;0,555741189;0,6081788;;2,335195531;66,71987231;0,233519553;0,380434783;0,433333333;7,35;10;0,32;43;;0,557915682;0,220512821;0,40118808;0,25;4;0,035;0,092;0,039;0,09;;8,7;7,8;7,2;6,5;8,5;7;5,7;7,4;;;;15;29;65;1;;;P7260997.JPG;P7260996.JPG;;;
26/07/18;ROC8;10;Broute;Temoin;Car.pra;3;-0,652758652;2,6510416;-27,1942656;43,9620341;;;;1,817504655;60,58348852;0,454376164;0,204081633;0,351351351;4,7;4;0,12759748;12;;0,222464485;0,061538462;0,312248458;0,25;4;0,03;0,147;0,013;0,037;;5,3;4,1;;;;;;;;;;3;2;6;;;;P7260998.JPG;P7261002.JPG;;;
26/07/18;ROC8;10;Broute;Temoin;Dup.fis;1;0,630121594;2,8156543;-31,18411083;43,9012826;-0,376202891;1,0857692;;1,668;59,57142857;0,1668;0,424242424;0,314285714;7,5125;10;0,120965892;139;;0,210902401;0,712820513;0,286563463;0,25;4;0,028;0,066;0,022;0,07;;7,1;9;8,4;8,9;7,1;5,4;9,4;4,8;;;;15;18;38;1;;;;P7260999.JPG;;;
26/07/18;ROC8;10;Broute;Temoin;Eri.sch;4;;;;;;;;;;;;;;;0,005;1;;0,008717433;0,005128205;0;0,25;4;;;;;;;;;;;;;;;;;;;;;;;;;;;
26/07/18;ROC8;14;Non Broute;Exclos;Car.aqu;3;0,907613044;3,5673457;-30,61029271;44,9772652;;;;1,323475046;66,17375231;0,330868762;0,333333333;;7,95;4;0,021;6;;0,010966057;0,011173184;0,153456081;0,25;4;0,02;0,06;;;;9,1;6,8;;;;;;;;;;2;5;7;;;;P7261004.JPG;;;;
26/07/18;ROC8;14;Non Broute;Exclos;Dup.fis;1;-0,466383797;4,1593867;-29,44094445;45,2573733;-0,099882491;1,4324781;;2,567;95,07407407;0,366714286;0,369863014;0,270833333;12,25;7;1,407;198;;0,734725849;0,368715084;0,297642;0,25;4;0,027;0,073;0,013;0,048;;11,7;10,7;16;12,7;10,9;11,5;;;;;;15;25;39;1;;;;P7261007.JPG;;;
26/07/18;ROC8;14;Non Broute;Exclos;Poa.arc;4;;;;;;;;2,899253731;107,3797678;0,263568521;0,38028169;;11,6375;11;0,184;68;;0,096083551;0,126629423;0,336166607;0,25;4;0,027;0,071;;0,042;;12;16,3;14;8,1;10,6;9,7;12,2;10,2;;;;15;22;37;1;;;P7261005.JPG;;;;
26/07/18;ROC8;14;Non Broute;Exclos;Ste.lon;2;-0,7021;3,5697;-30,21740824;43,3961484;;;;1,834726091;131,0518636;0,067952818;0,254545455;;5,3;27;0,303;265;1;0,158224543;0,493482309;0,212735311;0,25;4;0,014;0,055;0,926;;0,011;4,8;9,8;2,8;6,8;5;3,9;3,6;5,7;;;;15;;188;1;;;P7261003.JPG;;;;
27/07/18;ROC8;14;Broute;Temoin;Car.aqu;2;1,846426811;3,9583323;-31,70003018;45,2749556;2,314607204;0,8388177;7,02;3,55478;111,086875;0,355478;0,323232323;0,402597403;7,385714286;10;0,284;31;;0,129739607;0,051926298;0,371996955;0,2;5;0,032;0,099;0,031;0,077;;6,1;6,2;7,1;9,8;8,1;7,3;7,1;;;;;15;42;57;1;;;;;;;
27/07/18;ROC8;14;Broute;Temoin;Car.pra;5;0,889398094;2,8708255;-29,50401274;45,3689743;;;6,36;2,974358974;76,26561473;0,27039627;0,189320388;0,290322581;3,1;11;0,134;57;;0,061215167;0,095477387;0,311257654;0,2;5;0,039;0,206;0,009;0,031;;3;3,2;3,1;;;;;;;;;;;;;;;P7271017.JPG;P7271018.JPG;;;
27/07/18;ROC8;14;Broute;Temoin;Dup.fis;1;1,956489306;4,1397996;-31,61835156;45,3386832;2,060718718;1,3566993;6,35;2,05589;76,14407407;0,171324167;0,375;0,356164384;5,566666667;12;1,578;438;;0,720877113;0,733668342;0,215142659;0,2;5;0,027;0,072;0,026;0,073;;5,8;6,1;4,8;;;;;;;;;15;24;37;1;;;P7271024.JPG;P7271023.JPG;;;
26/07/18;ROC8;14;Broute;Temoin;Poa.arc;4;;;-31,7041658;42,7138843;;;;0,632025451;;0,037177968;;;;17;0,151;53;;0,06898127;0,088777219;0,066139548;0,2;5;;0,173;;0,071;;;;;;;;;;;;;15;23;38;;;;P7271021.JPG;P7271020.JPG;;;
27/07/18;ROC8;14;Broute;Temoin;Ste.lon;3;2,507330542;3,4366167;-29,62704762;43,6081844;;;;0,338884;42,3605;0,016137333;0,615384615;;2;21;0,042;18;;0,019186843;0,030150754;0,035463184;0,2;5;0,008;0,013;;;;1,7;1,3;3,3;1,5;1,7;2,4;2,1;;;;;15;45;60;1;;;P7271019.JPG;;;;
